codigo_rgi,nome_rgi,mes,precipitacao_mm,cobertura_area
430034,Palmeira das Missões,2021-08,63.775204,1.00000000
430017,São Borja,2025-03,116.223892,1.00000000
430008,Torres,2022-10,149.414361,1.00000000
430023,Três de Maio,2018-11,223.943360,1.00000000
430020,Santo Ângelo,2020-12,145.246884,1.00000000
430023,Três de Maio,2019-12,102.876764,1.00000000
430005,Camaquã,2022-10,100.312101,1.00000000
430034,Palmeira das Missões,2020-04,101.600885,1.00000000
430029,Frederico Westphalen,2019-02,219.130693,1.00000000
430008,Torres,2025-05,96.556687,1.00000000
430014,Santiago,2022-07,138.388546,1.00000000
430010,Bagé,2023-10,68.968031,1.00000000
430009,Pelotas,2019-09,146.211532,1.00000000
430042,Sobradinho,2024-01,147.507214,1.00000000
430018,Ijuí,2019-04,148.455191,1.00000000
430038,Nova Prata - Guaporé,2023-10,304.624281,1.00000000
430015,Uruguaiana,2019-07,123.898303,1.00000000
430033,Lagoa Vermelha,2020-12,111.289186,1.00000000
430011,Santa Maria,2018-10,129.307776,1.00000000
430012,São Gabriel - Caçapava do Sul,2022-04,276.480939,1.00000000
430005,Camaquã,2024-04,296.497244,1.00000000
430034,Palmeira das Missões,2021-03,160.351651,1.00000000
430029,Frederico Westphalen,2023-12,254.277398,1.00000000
430017,São Borja,2025-06,283.920838,1.00000000
430020,Santo Ângelo,2022-05,255.262189,1.00000000
430013,Cachoeira do Sul,2025-03,69.980131,1.00000000
430035,Nonoai,2019-07,109.231274,1.00000000
430018,Ijuí,2023-08,94.627391,1.00000000
430021,Três Passos,2018-11,223.942627,1.00000000
430019,Santa Rosa,2025-02,124.066502,1.00000000
430041,Lajeado,2020-06,174.853604,1.00000000
430013,Cachoeira do Sul,2018-11,193.510842,1.00000000
430023,Três de Maio,2023-03,125.548237,1.00000000
430004,Taquara - Parobé - Igrejinha,2025-04,117.829086,1.00000000
430041,Lajeado,2024-09,167.040061,1.00000000
430035,Nonoai,2021-01,272.095427,1.00000000
430040,Santa Cruz do Sul,2018-02,72.464887,1.00000000
430012,São Gabriel - Caçapava do Sul,2022-06,131.793240,1.00000000
430022,São Luiz Gonzaga,2019-04,212.153112,1.00000000
430032,Tapejara - Sananduva,2024-02,233.780165,1.00000000
430035,Nonoai,2025-06,382.023761,1.00000000
430018,Ijuí,2022-07,103.291761,1.00000000
430002,Novo Hamburgo - São Leopoldo,2018-01,150.242931,1.00000000
430031,Soledade,2018-06,183.971546,1.00000000
430026,Erechim,2025-06,372.245914,1.00000000
430039,Vacaria,2018-10,229.058168,1.00000000
430036,Caxias do Sul,2021-09,207.169728,1.00000000
430033,Lagoa Vermelha,2019-03,125.764364,1.00000000
430020,Santo Ângelo,2022-07,122.537292,1.00000000
430002,Novo Hamburgo - São Leopoldo,2020-05,231.507693,1.00000000
430015,Uruguaiana,2018-12,185.171646,1.00000000
430010,Bagé,2022-06,104.596749,1.00000000
430041,Lajeado,2023-06,140.533072,1.00000000
430013,Cachoeira do Sul,2023-02,102.442587,1.00000000
430041,Lajeado,2022-11,48.044672,1.00000000
430029,Frederico Westphalen,2020-06,243.446427,1.00000000
430040,Santa Cruz do Sul,2023-12,171.904176,1.00000000
430028,Carazinho,2023-08,101.545120,1.00000000
430004,Taquara - Parobé - Igrejinha,2019-07,111.478282,1.00000000
430026,Erechim,2025-07,79.063178,1.00000000
430012,São Gabriel - Caçapava do Sul,2023-04,52.862318,1.00000000
430002,Novo Hamburgo - São Leopoldo,2018-12,99.140125,1.00000000
430024,Cerro Largo,2019-03,188.650026,1.00000000
430024,Cerro Largo,2024-03,207.070264,1.00000000
430040,Santa Cruz do Sul,2020-02,66.997747,1.00000000
430004,Taquara - Parobé - Igrejinha,2021-02,105.825891,1.00000000
430007,Montenegro,2019-11,187.013079,1.00000000
430007,Montenegro,2018-12,92.989031,1.00000000
430037,Bento Gonçalves,2022-10,114.949067,1.00000000
430028,Carazinho,2021-05,145.894646,1.00000000
430039,Vacaria,2023-12,150.274998,1.00000000
430041,Lajeado,2018-07,147.094102,1.00000000
430009,Pelotas,2025-08,173.258244,1.00000000
430012,São Gabriel - Caçapava do Sul,2020-04,32.289555,1.00000000
430029,Frederico Westphalen,2025-03,113.304532,1.00000000
430003,Tramandaí - Osório,2022-10,129.507011,1.00000000
430022,São Luiz Gonzaga,2022-07,109.207037,1.00000000
430004,Taquara - Parobé - Igrejinha,2025-02,151.076579,1.00000000
430027,Cruz Alta,2025-09,287.330733,1.00000000
430035,Nonoai,2023-03,102.546167,1.00000000
430014,Santiago,2021-05,186.964130,1.00000000
430035,Nonoai,2024-10,213.610174,1.00000000
430033,Lagoa Vermelha,2025-12,199.329179,1.00000000
430013,Cachoeira do Sul,2025-09,249.534225,1.00000000
430007,Montenegro,2022-08,124.367660,1.00000000
430012,São Gabriel - Caçapava do Sul,2025-11,74.578274,1.00000000
430001,Porto Alegre,2018-05,88.551945,1.00000000
430015,Uruguaiana,2021-09,157.349213,1.00000000
430008,Torres,2018-06,125.131823,1.00000000
430032,Tapejara - Sananduva,2020-10,44.099338,1.00000000
430011,Santa Maria,2018-01,192.798546,1.00000000
430038,Nova Prata - Guaporé,2025-06,423.995647,1.00000000
430043,Encantado,2025-05,220.702932,1.00000000
430037,Bento Gonçalves,2024-01,184.854078,1.00000000
430014,Santiago,2018-12,183.128833,1.00000000
430016,Santana do Livramento,2024-03,245.625022,1.00000000
430007,Montenegro,2024-08,64.112095,1.00000000
430037,Bento Gonçalves,2020-01,184.924287,1.00000000
430012,São Gabriel - Caçapava do Sul,2020-03,46.233549,1.00000000
430016,Santana do Livramento,2020-06,142.420967,1.00000000
430041,Lajeado,2024-03,108.490980,1.00000000
430017,São Borja,2025-09,293.572800,1.00000000
430017,São Borja,2021-04,75.770102,1.00000000
430017,São Borja,2020-05,221.550048,1.00000000
430034,Palmeira das Missões,2024-10,220.689397,1.00000000
430042,Sobradinho,2018-02,96.994059,1.00000000
430041,Lajeado,2019-06,53.229218,1.00000000
430021,Três Passos,2020-01,284.141857,1.00000000
430020,Santo Ângelo,2023-06,71.365109,1.00000000
430007,Montenegro,2021-08,148.443988,1.00000000
430019,Santa Rosa,2024-10,191.466245,1.00000000
430043,Encantado,2018-01,196.043137,1.00000000
430001,Porto Alegre,2023-11,251.349818,1.00000000
430026,Erechim,2018-05,91.706713,1.00000000
430034,Palmeira das Missões,2022-01,91.088502,1.00000000
430030,Marau,2024-01,178.900215,1.00000000
430035,Nonoai,2024-02,212.539037,1.00000000
430003,Tramandaí - Osório,2024-06,207.168724,1.00000000
430034,Palmeira das Missões,2022-11,51.205685,1.00000000
430018,Ijuí,2022-04,302.580972,1.00000000
430017,São Borja,2018-11,286.413500,1.00000000
430037,Bento Gonçalves,2022-09,69.954356,1.00000000
430033,Lagoa Vermelha,2021-07,67.176600,1.00000000
430032,Tapejara - Sananduva,2022-10,232.108807,1.00000000
430040,Santa Cruz do Sul,2020-08,90.579598,1.00000000
430004,Taquara - Parobé - Igrejinha,2019-10,292.819734,1.00000000
430012,São Gabriel - Caçapava do Sul,2022-07,187.191735,1.00000000
430021,Três Passos,2021-03,160.592756,1.00000000
430033,Lagoa Vermelha,2021-06,170.331778,1.00000000
430021,Três Passos,2019-11,187.529759,1.00000000
430037,Bento Gonçalves,2025-02,143.243058,1.00000000
430036,Caxias do Sul,2020-07,383.333207,1.00000000
430025,Passo Fundo,2021-04,17.447684,1.00000000
430008,Torres,2025-12,208.396648,1.00000000
430014,Santiago,2018-07,83.717498,1.00000000
430011,Santa Maria,2021-11,66.100061,1.00000000
430036,Caxias do Sul,2024-05,576.878608,1.00000000
430043,Encantado,2025-01,57.976386,1.00000000
430036,Caxias do Sul,2024-06,250.975373,1.00000000
430009,Pelotas,2025-01,67.937958,1.00000000
430001,Porto Alegre,2019-04,179.771271,1.00000000
430010,Bagé,2019-12,70.964607,1.00000000
430020,Santo Ângelo,2025-02,114.985599,1.00000000
430014,Santiago,2020-01,172.726007,1.00000000
430001,Porto Alegre,2018-02,78.774403,1.00000000
430018,Ijuí,2025-09,272.859453,1.00000000
430013,Cachoeira do Sul,2023-11,278.465471,1.00000000
430006,Charqueadas - Triunfo - São Jerônimo,2018-12,86.155702,1.00000000
430038,Nova Prata - Guaporé,2021-03,156.790023,1.00000000
430016,Santana do Livramento,2021-04,62.031369,1.00000000
430022,São Luiz Gonzaga,2019-02,159.172989,1.00000000
430014,Santiago,2023-05,233.938222,1.00000000
430023,Três de Maio,2024-11,110.568161,1.00000000
430014,Santiago,2024-10,171.290218,1.00000000
430039,Vacaria,2019-01,215.524306,1.00000000
430009,Pelotas,2025-02,125.536094,1.00000000
430037,Bento Gonçalves,2019-11,179.222257,1.00000000
430039,Vacaria,2021-02,100.888345,1.00000000
430014,Santiago,2021-07,45.129820,1.00000000
430003,Tramandaí - Osório,2023-08,75.257881,1.00000000
430033,Lagoa Vermelha,2018-11,206.224453,1.00000000
430005,Camaquã,2023-02,100.526793,1.00000000
430002,Novo Hamburgo - São Leopoldo,2018-11,141.021060,1.00000000
430027,Cruz Alta,2020-03,31.997485,1.00000000
430025,Passo Fundo,2023-11,466.028558,1.00000000
430024,Cerro Largo,2024-09,131.593241,1.00000000
430009,Pelotas,2024-01,91.464906,1.00000000
430039,Vacaria,2023-02,143.004316,1.00000000
430038,Nova Prata - Guaporé,2018-08,184.801461,1.00000000
430030,Marau,2025-08,141.492748,1.00000000
430003,Tramandaí - Osório,2022-05,193.593532,1.00000000
430017,São Borja,2020-07,69.828837,1.00000000
430007,Montenegro,2022-12,59.999412,1.00000000
430030,Marau,2018-04,62.103300,1.00000000
430014,Santiago,2018-11,324.040207,1.00000000
430043,Encantado,2024-07,94.610798,1.00000000
430005,Camaquã,2023-06,128.881310,1.00000000
430011,Santa Maria,2025-05,358.035964,1.00000000
430030,Marau,2021-01,252.743232,1.00000000
430002,Novo Hamburgo - São Leopoldo,2020-06,204.000602,1.00000000
430023,Três de Maio,2024-01,208.401026,1.00000000
430011,Santa Maria,2021-01,221.961451,1.00000000
430041,Lajeado,2024-10,117.331019,1.00000000
430015,Uruguaiana,2021-08,48.989893,1.00000000
430025,Passo Fundo,2021-01,233.461508,1.00000000
430041,Lajeado,2018-01,170.796217,1.00000000
430005,Camaquã,2019-02,85.047966,1.00000000
430002,Novo Hamburgo - São Leopoldo,2021-09,193.032124,1.00000000
430032,Tapejara - Sananduva,2023-07,185.483101,1.00000000
430024,Cerro Largo,2021-03,145.076880,1.00000000
430035,Nonoai,2021-08,47.924702,1.00000000
430031,Soledade,2025-09,263.585250,1.00000000
430023,Três de Maio,2022-02,111.858893,1.00000000
430015,Uruguaiana,2020-01,126.569642,1.00000000
430019,Santa Rosa,2022-04,314.494011,1.00000000
430014,Santiago,2025-07,104.186295,1.00000000
430030,Marau,2022-04,255.245457,1.00000000
430010,Bagé,2021-10,68.941511,1.00000000
430042,Sobradinho,2020-07,257.430417,1.00000000
430036,Caxias do Sul,2020-08,126.846980,1.00000000
430040,Santa Cruz do Sul,2022-05,123.542808,1.00000000
430030,Marau,2024-03,156.454201,1.00000000
430022,São Luiz Gonzaga,2018-10,191.839057,1.00000000
430016,Santana do Livramento,2025-11,102.637133,1.00000000
430034,Palmeira das Missões,2019-01,206.455617,1.00000000
430040,Santa Cruz do Sul,2024-02,116.942907,1.00000000
430013,Cachoeira do Sul,2018-08,148.792543,1.00000000
430004,Taquara - Parobé - Igrejinha,2020-08,127.360522,1.00000000
430040,Santa Cruz do Sul,2019-08,95.616286,1.00000000
430032,Tapejara - Sananduva,2018-04,62.197584,1.00000000
430043,Encantado,2019-12,57.631514,1.00000000
430040,Santa Cruz do Sul,2022-06,148.132881,1.00000000
430011,Santa Maria,2025-09,302.091147,1.00000000
430036,Caxias do Sul,2018-04,67.739246,1.00000000
430005,Camaquã,2018-05,131.059817,1.00000000
430031,Soledade,2020-07,373.968333,1.00000000
430019,Santa Rosa,2024-08,113.022418,1.00000000
430037,Bento Gonçalves,2019-10,,1.00000000
430029,Frederico Westphalen,2019-11,176.605116,1.00000000
430033,Lagoa Vermelha,2021-02,71.074901,1.00000000
430038,Nova Prata - Guaporé,2020-02,83.265685,1.00000000
430010,Bagé,2025-05,202.242742,1.00000000
430003,Tramandaí - Osório,2023-05,139.500410,1.00000000
430027,Cruz Alta,2025-03,113.216055,1.00000000
430011,Santa Maria,2019-12,59.492196,1.00000000
430025,Passo Fundo,2018-05,114.087845,1.00000000
430043,Encantado,2021-03,143.098108,1.00000000
430035,Nonoai,2025-03,96.845210,1.00000000
430014,Santiago,2023-11,277.310870,1.00000000
430020,Santo Ângelo,2019-07,189.979618,1.00000000
430022,São Luiz Gonzaga,2019-03,205.922230,1.00000000
430035,Nonoai,2022-01,99.018951,1.00000000
430003,Tramandaí - Osório,2023-07,151.031326,1.00000000
430040,Santa Cruz do Sul,2022-12,52.034310,1.00000000
430039,Vacaria,2023-06,133.617921,1.00000000
430037,Bento Gonçalves,2018-02,91.177446,1.00000000
430007,Montenegro,2021-07,59.149117,1.00000000
430010,Bagé,2019-05,146.847876,1.00000000
430030,Marau,2025-06,394.048188,1.00000000
430017,São Borja,2022-04,225.002951,1.00000000
430013,Cachoeira do Sul,2018-05,95.384645,1.00000000
430017,São Borja,2022-10,104.661788,1.00000000
430034,Palmeira das Missões,2025-06,393.550582,1.00000000
430005,Camaquã,2021-12,1.783938,1.00000000
430011,Santa Maria,2023-02,92.822626,1.00000000
430024,Cerro Largo,2019-02,168.206413,1.00000000
430022,São Luiz Gonzaga,2022-12,62.251740,1.00000000
430018,Ijuí,2022-01,76.106749,1.00000000
430034,Palmeira das Missões,2020-09,66.469728,1.00000000
430043,Encantado,2022-08,129.099126,1.00000000
430003,Tramandaí - Osório,2020-10,77.203090,1.00000000
430005,Camaquã,2020-11,43.994196,1.00000000
430028,Carazinho,2025-03,99.699788,1.00000000
430009,Pelotas,2020-12,80.238645,1.00000000
430039,Vacaria,2022-05,294.931444,1.00000000
430016,Santana do Livramento,2021-01,232.127783,1.00000000
430027,Cruz Alta,2018-10,,1.00000000
430023,Três de Maio,2025-01,87.910418,1.00000000
430030,Marau,2020-06,205.190284,1.00000000
430019,Santa Rosa,2021-03,155.333577,1.00000000
430025,Passo Fundo,2022-09,74.174781,1.00000000
430007,Montenegro,2019-06,55.030407,1.00000000
430041,Lajeado,2018-09,266.877522,1.00000000
430031,Soledade,2020-02,62.329976,1.00000000
430002,Novo Hamburgo - São Leopoldo,2019-09,86.261187,1.00000000
430032,Tapejara - Sananduva,2025-03,76.466231,1.00000000
430029,Frederico Westphalen,2019-10,218.411198,1.00000000
430018,Ijuí,2019-03,205.198872,1.00000000
430030,Marau,2024-10,184.603821,1.00000000
430031,Soledade,2022-07,132.550068,1.00000000
430027,Cruz Alta,2023-08,70.676547,1.00000000
430042,Sobradinho,2019-01,269.497434,1.00000000
430043,Encantado,2025-03,78.905549,1.00000000
430021,Três Passos,2024-09,111.891344,1.00000000
430015,Uruguaiana,2025-05,325.963544,1.00000000
430025,Passo Fundo,2023-07,172.194053,1.00000000
430036,Caxias do Sul,2021-07,59.610249,1.00000000
430013,Cachoeira do Sul,2023-05,235.565639,1.00000000
430004,Taquara - Parobé - Igrejinha,2024-04,283.245535,1.00000000
430016,Santana do Livramento,2025-03,100.979400,1.00000000
430014,Santiago,2020-08,65.620156,1.00000000
430042,Sobradinho,2023-03,116.192381,1.00000000
430008,Torres,2022-06,155.192421,1.00000000
430020,Santo Ângelo,2023-03,165.207603,1.00000000
430013,Cachoeira do Sul,2019-01,246.405135,1.00000000
430030,Marau,2019-11,181.802295,1.00000000
430034,Palmeira das Missões,2019-07,138.746964,1.00000000
430017,São Borja,2021-02,67.571264,1.00000000
430039,Vacaria,2025-02,162.325962,1.00000000
430014,Santiago,2019-04,195.511602,1.00000000
430005,Camaquã,2023-12,152.891352,1.00000000
430029,Frederico Westphalen,2019-01,200.082987,1.00000000
430034,Palmeira das Missões,2025-09,216.543885,1.00000000
430041,Lajeado,2025-11,114.071928,1.00000000
430042,Sobradinho,2025-02,186.044992,1.00000000
430043,Encantado,2021-01,228.683635,1.00000000
430032,Tapejara - Sananduva,2025-10,190.257756,1.00000000
430033,Lagoa Vermelha,2025-07,73.385796,1.00000000
430024,Cerro Largo,2022-06,136.005767,1.00000000
430029,Frederico Westphalen,2023-04,89.319852,1.00000000
430040,Santa Cruz do Sul,2025-03,72.259895,1.00000000
430015,Uruguaiana,2023-08,51.382728,1.00000000
430018,Ijuí,2025-07,114.633651,1.00000000
430016,Santana do Livramento,2024-05,136.803241,1.00000000
430001,Porto Alegre,2021-04,13.873832,1.00000000
430032,Tapejara - Sananduva,2025-12,189.564035,1.00000000
430022,São Luiz Gonzaga,2021-11,71.147167,1.00000000
430010,Bagé,2021-08,95.713287,1.00000000
430023,Três de Maio,2023-06,106.009473,1.00000000
430036,Caxias do Sul,2019-05,268.719771,1.00000000
430004,Taquara - Parobé - Igrejinha,2024-08,78.658851,1.00000000
430026,Erechim,2020-11,109.149122,1.00000000
430040,Santa Cruz do Sul,2021-02,111.303870,1.00000000
430032,Tapejara - Sananduva,2021-05,144.878720,1.00000000
430021,Três Passos,2020-02,139.317584,1.00000000
430010,Bagé,2024-04,325.692623,1.00000000
430025,Passo Fundo,2018-04,58.710034,1.00000000
430020,Santo Ângelo,2023-07,110.761424,1.00000000
430031,Soledade,2021-11,31.475506,1.00000000
430026,Erechim,2021-08,46.936787,1.00000000
430041,Lajeado,2023-07,153.715874,1.00000000
430031,Soledade,2019-02,129.124141,1.00000000
430037,Bento Gonçalves,2020-11,82.021383,1.00000000
430020,Santo Ângelo,2018-02,103.966459,1.00000000
430026,Erechim,2018-01,215.825198,1.00000000
430042,Sobradinho,2022-03,160.223431,1.00000000
430013,Cachoeira do Sul,2023-03,97.856048,1.00000000
430040,Santa Cruz do Sul,2022-03,134.947725,1.00000000
430022,São Luiz Gonzaga,2024-09,126.502836,1.00000000
430043,Encantado,2022-04,204.635096,1.00000000
430019,Santa Rosa,2019-07,162.201987,1.00000000
430006,Charqueadas - Triunfo - São Jerônimo,2021-11,56.802614,1.00000000
430019,Santa Rosa,2023-12,260.241849,1.00000000
430026,Erechim,2024-11,132.295895,1.00000000
430032,Tapejara - Sananduva,2020-03,22.108076,1.00000000
430002,Novo Hamburgo - São Leopoldo,2022-01,205.364298,1.00000000
430034,Palmeira das Missões,2022-09,93.614595,1.00000000
430007,Montenegro,2025-09,277.747770,1.00000000
430025,Passo Fundo,2021-10,182.888743,1.00000000
430020,Santo Ângelo,2024-06,149.021428,1.00000000
430014,Santiago,2025-11,122.944384,1.00000000
430009,Pelotas,2024-06,131.844128,1.00000000
430007,Montenegro,2020-12,86.854805,1.00000000
430019,Santa Rosa,2018-09,178.561987,1.00000000
430012,São Gabriel - Caçapava do Sul,2019-08,90.744904,1.00000000
430021,Três Passos,2025-10,202.458697,1.00000000
430001,Porto Alegre,2024-08,77.390752,1.00000000
430009,Pelotas,2018-05,91.975111,1.00000000
430022,São Luiz Gonzaga,2024-07,50.422782,1.00000000
430032,Tapejara - Sananduva,2019-09,55.123283,1.00000000
430014,Santiago,2018-10,154.443779,1.00000000
430037,Bento Gonçalves,2023-04,57.835999,1.00000000
430019,Santa Rosa,2023-07,82.342912,1.00000000
430023,Três de Maio,2018-01,244.607418,1.00000000
430041,Lajeado,2021-11,41.003179,1.00000000
430043,Encantado,2024-10,124.404895,1.00000000
430021,Três Passos,2021-09,131.411626,1.00000000
430023,Três de Maio,2025-09,246.050531,1.00000000
430029,Frederico Westphalen,2020-12,146.650501,1.00000000
430011,Santa Maria,2022-06,166.374966,1.00000000
430032,Tapejara - Sananduva,2023-03,99.476596,1.00000000
430032,Tapejara - Sananduva,2021-01,250.418882,1.00000000
430009,Pelotas,2020-02,67.538743,1.00000000
430007,Montenegro,2020-07,271.793300,1.00000000
430009,Pelotas,2018-01,92.337345,1.00000000
430003,Tramandaí - Osório,2019-06,51.007832,1.00000000
430020,Santo Ângelo,2019-10,280.828310,1.00000000
430022,São Luiz Gonzaga,2018-01,,1.00000000
430035,Nonoai,2019-05,309.485208,1.00000000
430020,Santo Ângelo,2020-08,106.482734,1.00000000
430008,Torres,2019-01,244.311618,1.00000000
430015,Uruguaiana,2020-10,86.610974,1.00000000
430011,Santa Maria,2025-11,96.096551,1.00000000
430024,Cerro Largo,2019-11,224.219793,1.00000000
430001,Porto Alegre,2019-12,48.511612,1.00000000
430038,Nova Prata - Guaporé,2023-03,118.420201,1.00000000
430033,Lagoa Vermelha,2019-05,276.796369,1.00000000
430021,Três Passos,2024-08,105.444765,1.00000000
430012,São Gabriel - Caçapava do Sul,2025-01,41.499329,1.00000000
430031,Soledade,2022-03,217.742926,1.00000000
430022,São Luiz Gonzaga,2020-09,121.462566,1.00000000
430023,Três de Maio,2025-08,145.996500,1.00000000
430036,Caxias do Sul,2019-08,78.718252,1.00000000
430015,Uruguaiana,2018-03,197.697962,1.00000000
430023,Três de Maio,2021-08,,1.00000000
430004,Taquara - Parobé - Igrejinha,2021-01,150.742060,1.00000000
430009,Pelotas,2025-06,140.641623,1.00000000
430036,Caxias do Sul,2019-10,300.383560,1.00000000
430039,Vacaria,2023-03,137.621201,1.00000000
430012,São Gabriel - Caçapava do Sul,2019-12,60.550493,1.00000000
430014,Santiago,2018-05,146.907605,1.00000000
430033,Lagoa Vermelha,2018-10,262.843544,1.00000000
430010,Bagé,2022-03,126.257083,1.00000000
430009,Pelotas,2025-11,71.595671,1.00000000
430031,Soledade,2024-04,386.647020,1.00000000
430008,Torres,2023-05,120.990282,1.00000000
430039,Vacaria,2018-04,45.363322,1.00000000
430015,Uruguaiana,2019-04,197.181136,1.00000000
430042,Sobradinho,2024-12,126.685486,1.00000000
430043,Encantado,2024-05,625.425034,1.00000000
430019,Santa Rosa,2022-12,68.214824,1.00000000
430038,Nova Prata - Guaporé,2020-12,107.120152,1.00000000
430034,Palmeira das Missões,2022-07,73.423478,1.00000000
430039,Vacaria,2020-02,132.837714,1.00000000
430035,Nonoai,2025-10,218.777612,1.00000000
430018,Ijuí,2025-02,116.847418,1.00000000
430024,Cerro Largo,2019-01,207.490478,1.00000000
430025,Passo Fundo,2024-02,219.864397,1.00000000
430034,Palmeira das Missões,2018-04,48.918009,1.00000000
430032,Tapejara - Sananduva,2020-04,74.051109,1.00000000
430002,Novo Hamburgo - São Leopoldo,2018-02,76.101677,1.00000000
430025,Passo Fundo,2020-11,118.853867,1.00000000
430032,Tapejara - Sananduva,2019-11,155.279459,1.00000000
430040,Santa Cruz do Sul,2020-04,58.587241,1.00000000
430026,Erechim,2023-07,159.587759,1.00000000
430009,Pelotas,2019-05,118.709788,1.00000000
430032,Tapejara - Sananduva,2018-10,271.229286,1.00000000
430013,Cachoeira do Sul,2022-03,143.871848,1.00000000
430031,Soledade,2023-04,64.831275,1.00000000
430007,Montenegro,2018-03,148.473826,1.00000000
430003,Tramandaí - Osório,2024-07,118.429246,1.00000000
430039,Vacaria,2020-10,49.471639,1.00000000
430041,Lajeado,2025-07,95.385624,1.00000000
430026,Erechim,2018-07,67.179733,1.00000000
430033,Lagoa Vermelha,2022-07,97.073763,1.00000000
430030,Marau,2021-03,159.757270,1.00000000
430036,Caxias do Sul,2020-04,58.152877,1.00000000
430012,São Gabriel - Caçapava do Sul,2019-09,93.287779,1.00000000
430015,Uruguaiana,2020-12,107.260378,1.00000000
430041,Lajeado,2021-06,174.812846,1.00000000
430029,Frederico Westphalen,2021-11,62.382728,1.00000000
430003,Tramandaí - Osório,2020-12,119.904170,1.00000000
430034,Palmeira das Missões,2018-06,180.926426,1.00000000
430027,Cruz Alta,2024-02,158.330982,1.00000000
430017,São Borja,2019-04,195.904517,1.00000000
430043,Encantado,2025-04,74.018018,1.00000000
430027,Cruz Alta,2020-02,69.573249,1.00000000
430016,Santana do Livramento,2021-03,119.270723,1.00000000
430035,Nonoai,2021-12,27.172620,1.00000000
430027,Cruz Alta,2018-07,104.686183,1.00000000
430024,Cerro Largo,2019-10,215.617295,1.00000000
430038,Nova Prata - Guaporé,2022-11,54.093534,1.00000000
430043,Encantado,2019-10,320.174983,1.00000000
430024,Cerro Largo,2018-05,150.805463,1.00000000
430025,Passo Fundo,2019-01,206.015598,1.00000000
430012,São Gabriel - Caçapava do Sul,2020-12,87.481310,1.00000000
430035,Nonoai,2020-03,60.982460,1.00000000
430025,Passo Fundo,2020-08,145.069662,1.00000000
430002,Novo Hamburgo - São Leopoldo,2022-06,177.456718,1.00000000
430021,Três Passos,2022-02,123.084835,1.00000000
430034,Palmeira das Missões,2024-07,123.452596,1.00000000
430032,Tapejara - Sananduva,2024-10,207.136937,1.00000000
430002,Novo Hamburgo - São Leopoldo,2024-05,431.823823,1.00000000
430010,Bagé,2024-03,165.833783,1.00000000
430019,Santa Rosa,2022-08,108.954129,1.00000000
430012,São Gabriel - Caçapava do Sul,2024-11,71.215557,1.00000000
430021,Três Passos,2024-04,233.542481,1.00000000
430011,Santa Maria,2022-12,41.708849,1.00000000
430002,Novo Hamburgo - São Leopoldo,2024-10,102.696700,1.00000000
430026,Erechim,2024-04,243.656511,1.00000000
430030,Marau,2018-10,249.074034,1.00000000
430016,Santana do Livramento,2019-08,65.604965,1.00000000
430023,Três de Maio,2018-07,57.239099,1.00000000
430026,Erechim,2025-01,100.230874,1.00000000
430015,Uruguaiana,2019-03,109.956323,1.00000000
430008,Torres,2024-02,126.353771,1.00000000
430031,Soledade,2023-07,174.472896,1.00000000
430020,Santo Ângelo,2021-02,117.861107,1.00000000
430015,Uruguaiana,2022-07,110.028514,1.00000000
430006,Charqueadas - Triunfo - São Jerônimo,2019-10,287.939474,1.00000000
430031,Soledade,2024-12,155.656458,1.00000000
430041,Lajeado,2023-01,69.862676,1.00000000
430025,Passo Fundo,2023-05,185.263254,1.00000000
430036,Caxias do Sul,2023-05,152.215172,1.00000000
430006,Charqueadas - Triunfo - São Jerônimo,2019-09,90.558157,1.00000000
430027,Cruz Alta,2025-02,112.841108,1.00000000
430009,Pelotas,2020-08,71.269148,1.00000000
430034,Palmeira das Missões,2021-12,25.295780,1.00000000
430011,Santa Maria,2024-01,143.633942,1.00000000
430027,Cruz Alta,2023-10,365.632893,1.00000000
430006,Charqueadas - Triunfo - São Jerônimo,2022-12,54.874389,1.00000000
430010,Bagé,2020-05,178.959928,1.00000000
430004,Taquara - Parobé - Igrejinha,2025-03,70.183845,1.00000000
430009,Pelotas,2020-11,40.423185,1.00000000
430007,Montenegro,2022-06,164.190962,1.00000000
430028,Carazinho,2022-08,117.207284,1.00000000
430043,Encantado,2018-02,101.877599,1.00000000
430040,Santa Cruz do Sul,2021-12,6.934391,1.00000000
430033,Lagoa Vermelha,2019-02,166.297158,1.00000000
430002,Novo Hamburgo - São Leopoldo,2022-04,162.164599,1.00000000
430038,Nova Prata - Guaporé,2025-01,67.586608,1.00000000
430034,Palmeira das Missões,2024-11,102.850727,1.00000000
430001,Porto Alegre,2020-12,78.407401,1.00000000
430018,Ijuí,2019-10,287.592853,1.00000000
430025,Passo Fundo,2025-02,141.303765,1.00000000
430002,Novo Hamburgo - São Leopoldo,2020-02,133.802358,1.00000000
430002,Novo Hamburgo - São Leopoldo,2018-04,63.240076,1.00000000
430039,Vacaria,2018-12,154.970981,1.00000000
430041,Lajeado,2019-01,163.581107,1.00000000
430033,Lagoa Vermelha,2024-10,191.327992,1.00000000
430010,Bagé,2019-01,378.563844,1.00000000
430024,Cerro Largo,2020-01,241.907866,1.00000000
430022,São Luiz Gonzaga,2019-06,18.552089,1.00000000
430002,Novo Hamburgo - São Leopoldo,2024-07,94.872843,1.00000000
430038,Nova Prata - Guaporé,2022-05,300.817926,1.00000000
430003,Tramandaí - Osório,2018-04,68.587039,1.00000000
430017,São Borja,2019-11,220.318051,1.00000000
430042,Sobradinho,2023-05,224.025945,1.00000000
430022,São Luiz Gonzaga,2019-05,315.848362,1.00000000
430037,Bento Gonçalves,2025-04,79.508451,1.00000000
430012,São Gabriel - Caçapava do Sul,2024-02,122.027295,1.00000000
430029,Frederico Westphalen,2025-05,156.066940,1.00000000
430006,Charqueadas - Triunfo - São Jerônimo,2021-09,194.415704,1.00000000
430019,Santa Rosa,2022-10,199.185616,1.00000000
430041,Lajeado,2024-04,409.200310,1.00000000
430036,Caxias do Sul,2024-04,334.142020,1.00000000
430041,Lajeado,2023-03,80.147899,1.00000000
430014,Santiago,2018-09,196.169619,1.00000000
430019,Santa Rosa,2020-09,63.187906,1.00000000
430027,Cruz Alta,2025-01,79.709257,1.00000000
430015,Uruguaiana,2019-02,78.152725,1.00000000
430014,Santiago,2023-12,290.761343,1.00000000
430010,Bagé,2018-07,181.684426,1.00000000
430028,Carazinho,2022-10,194.948564,1.00000000
430014,Santiago,2021-03,144.485489,1.00000000
430030,Marau,2021-10,157.806879,1.00000000
430011,Santa Maria,2021-12,7.693327,1.00000000
430043,Encantado,2020-04,52.644016,1.00000000
430042,Sobradinho,2021-07,64.743300,1.00000000
430018,Ijuí,2024-11,91.112859,1.00000000
430033,Lagoa Vermelha,2022-10,224.442440,1.00000000
430032,Tapejara - Sananduva,2025-07,72.037405,1.00000000
430022,São Luiz Gonzaga,2018-09,175.950598,1.00000000
430039,Vacaria,2022-04,185.001432,1.00000000
430002,Novo Hamburgo - São Leopoldo,2021-08,138.874068,1.00000000
430036,Caxias do Sul,2020-12,132.709430,1.00000000
430022,São Luiz Gonzaga,2020-11,138.811575,1.00000000
430037,Bento Gonçalves,2019-04,174.369167,1.00000000
430035,Nonoai,2018-10,300.360832,1.00000000
430038,Nova Prata - Guaporé,2025-03,84.679749,1.00000000
430022,São Luiz Gonzaga,2018-07,64.582962,1.00000000
430017,São Borja,2020-09,169.939842,1.00000000
430015,Uruguaiana,2018-10,107.687780,1.00000000
430035,Nonoai,2025-04,138.790387,1.00000000
430024,Cerro Largo,2020-05,328.644320,1.00000000
430017,São Borja,2022-12,42.086268,1.00000000
430028,Carazinho,2019-03,160.022292,1.00000000
430002,Novo Hamburgo - São Leopoldo,2023-03,120.401361,1.00000000
430037,Bento Gonçalves,2025-08,165.904970,1.00000000
430040,Santa Cruz do Sul,2022-09,67.795283,1.00000000
430015,Uruguaiana,2020-07,29.375695,1.00000000
430027,Cruz Alta,2019-09,86.762401,1.00000000
430003,Tramandaí - Osório,2018-06,123.332995,1.00000000
430036,Caxias do Sul,2018-08,185.199058,1.00000000
430020,Santo Ângelo,2020-01,,1.00000000
430027,Cruz Alta,2023-05,240.956715,1.00000000
430016,Santana do Livramento,2022-09,65.530250,1.00000000
430015,Uruguaiana,2024-07,11.604174,1.00000000
430042,Sobradinho,2019-02,152.992095,1.00000000
430035,Nonoai,2020-09,63.282790,1.00000000
430022,São Luiz Gonzaga,2022-01,56.232459,1.00000000
430033,Lagoa Vermelha,2018-06,152.442044,1.00000000
430024,Cerro Largo,2021-11,72.988333,1.00000000
430018,Ijuí,2024-01,227.512518,1.00000000
430021,Três Passos,2022-01,71.603187,1.00000000
430033,Lagoa Vermelha,2020-03,21.576959,1.00000000
430005,Camaquã,2018-10,84.230054,1.00000000
430008,Torres,2022-08,169.655433,1.00000000
430043,Encantado,2023-03,102.714881,1.00000000
430001,Porto Alegre,2022-04,120.003058,1.00000000
430002,Novo Hamburgo - São Leopoldo,2024-02,117.567527,1.00000000
430011,Santa Maria,2018-03,210.320182,1.00000000
430020,Santo Ângelo,2022-01,65.852531,1.00000000
430023,Três de Maio,2022-04,284.174856,1.00000000
430020,Santo Ângelo,2020-07,267.929126,1.00000000
430024,Cerro Largo,2022-03,296.694240,1.00000000
430036,Caxias do Sul,2025-03,81.167238,1.00000000
430013,Cachoeira do Sul,2024-02,114.443928,1.00000000
430033,Lagoa Vermelha,2023-08,90.464589,1.00000000
430008,Torres,2020-02,139.788956,1.00000000
430026,Erechim,2022-03,177.522307,1.00000000
430007,Montenegro,2021-10,80.546972,1.00000000
430032,Tapejara - Sananduva,2022-05,304.544425,1.00000000
430005,Camaquã,2019-01,187.533187,1.00000000
430043,Encantado,2024-09,148.030922,1.00000000
430016,Santana do Livramento,2023-03,161.369576,1.00000000
430001,Porto Alegre,2024-07,71.503745,1.00000000
430015,Uruguaiana,2023-02,61.929751,1.00000000
430014,Santiago,2021-12,9.074624,1.00000000
430038,Nova Prata - Guaporé,2023-05,171.804032,1.00000000
430021,Três Passos,2023-12,260.194463,1.00000000
430002,Novo Hamburgo - São Leopoldo,2018-07,160.056233,1.00000000
430010,Bagé,2025-12,204.027838,1.00000000
430041,Lajeado,2020-07,258.543846,1.00000000
430003,Tramandaí - Osório,2024-08,70.640322,1.00000000
430025,Passo Fundo,2023-10,432.684928,1.00000000
430041,Lajeado,2023-04,40.829524,1.00000000
430031,Soledade,2023-05,222.167341,1.00000000
430007,Montenegro,2022-05,159.662305,1.00000000
430031,Soledade,2019-04,133.731258,1.00000000
430032,Tapejara - Sananduva,2025-11,112.974723,1.00000000
430014,Santiago,2023-01,57.818920,1.00000000
430012,São Gabriel - Caçapava do Sul,2024-05,244.658690,1.00000000
430028,Carazinho,2021-01,222.166292,1.00000000
430001,Porto Alegre,2024-12,152.541494,1.00000000
430032,Tapejara - Sananduva,2019-06,42.586558,1.00000000
430031,Soledade,2022-04,241.358605,1.00000000
430029,Frederico Westphalen,2025-02,177.666141,1.00000000
430043,Encantado,2019-07,139.781319,1.00000000
430014,Santiago,2021-04,95.288501,1.00000000
430037,Bento Gonçalves,2018-09,218.828139,1.00000000
430043,Encantado,2023-10,240.326602,1.00000000
430017,São Borja,2018-10,125.685606,1.00000000
430039,Vacaria,2023-07,177.084469,1.00000000
430006,Charqueadas - Triunfo - São Jerônimo,2023-11,252.165884,1.00000000
430026,Erechim,2019-10,229.138535,1.00000000
430028,Carazinho,2025-04,117.803242,1.00000000
430042,Sobradinho,2023-09,476.389772,1.00000000
430001,Porto Alegre,2018-08,130.722696,1.00000000
430028,Carazinho,2022-11,55.357693,1.00000000
430032,Tapejara - Sananduva,2022-03,189.895838,1.00000000
430015,Uruguaiana,2025-06,192.752929,1.00000000
430022,São Luiz Gonzaga,2025-08,184.892356,1.00000000
430041,Lajeado,2022-08,118.275011,1.00000000
430034,Palmeira das Missões,2023-10,583.988780,1.00000000
430036,Caxias do Sul,2024-02,189.526838,1.00000000
430008,Torres,2019-07,69.755141,1.00000000
430011,Santa Maria,2019-02,100.040892,1.00000000
430005,Camaquã,2022-07,180.166546,1.00000000
430027,Cruz Alta,2024-05,440.766438,1.00000000
430037,Bento Gonçalves,2020-03,17.364072,1.00000000
430007,Montenegro,2022-07,147.535282,1.00000000
430016,Santana do Livramento,2022-11,53.783350,1.00000000
430019,Santa Rosa,2018-03,172.416518,1.00000000
430024,Cerro Largo,2024-04,285.900926,1.00000000
430035,Nonoai,2024-11,140.212545,1.00000000
430014,Santiago,2018-06,127.500589,1.00000000
430029,Frederico Westphalen,2019-05,315.898034,1.00000000
430042,Sobradinho,2024-02,169.861633,1.00000000
430006,Charqueadas - Triunfo - São Jerônimo,2025-08,232.435334,1.00000000
430032,Tapejara - Sananduva,2020-02,91.701381,1.00000000
430001,Porto Alegre,2025-03,44.203325,1.00000000
430006,Charqueadas - Triunfo - São Jerônimo,2025-07,112.918275,1.00000000
430019,Santa Rosa,2022-05,252.685014,1.00000000
430005,Camaquã,2020-01,168.674225,1.00000000
430023,Três de Maio,2025-07,110.371249,1.00000000
430039,Vacaria,2021-08,72.194221,1.00000000
430024,Cerro Largo,2020-12,140.446471,1.00000000
430039,Vacaria,2023-04,79.096414,1.00000000
430024,Cerro Largo,2025-05,283.540987,1.00000000
430015,Uruguaiana,2023-01,54.332634,1.00000000
430037,Bento Gonçalves,2022-05,254.034725,1.00000000
430018,Ijuí,2024-12,154.825992,1.00000000
430029,Frederico Westphalen,2018-08,87.394681,1.00000000
430020,Santo Ângelo,2019-01,248.599613,1.00000000
430003,Tramandaí - Osório,2023-10,209.233524,1.00000000
430036,Caxias do Sul,2021-01,222.549649,1.00000000
430008,Torres,2022-12,112.832794,1.00000000
430020,Santo Ângelo,2020-03,52.981809,1.00000000
430033,Lagoa Vermelha,2020-04,75.073290,1.00000000
430041,Lajeado,2022-05,177.168289,1.00000000
430028,Carazinho,2021-03,161.294837,1.00000000
430029,Frederico Westphalen,2020-03,55.966658,1.00000000
430028,Carazinho,2022-12,72.964422,1.00000000
430036,Caxias do Sul,2022-11,65.691680,1.00000000
430016,Santana do Livramento,2022-01,77.003598,1.00000000
430022,São Luiz Gonzaga,2025-10,158.069441,1.00000000
430043,Encantado,2022-02,112.049990,1.00000000
430004,Taquara - Parobé - Igrejinha,2022-07,141.981553,1.00000000
430037,Bento Gonçalves,2021-07,56.018782,1.00000000
430021,Três Passos,2021-01,224.648985,1.00000000
430007,Montenegro,2019-02,109.922247,1.00000000
430035,Nonoai,2019-02,251.628440,1.00000000
430007,Montenegro,2018-07,147.019030,1.00000000
430030,Marau,2024-09,159.775364,1.00000000
430019,Santa Rosa,2020-01,250.180034,1.00000000
430040,Santa Cruz do Sul,2025-01,55.557360,1.00000000
430008,Torres,2024-12,160.474609,1.00000000
430017,São Borja,2018-05,178.430981,1.00000000
430004,Taquara - Parobé - Igrejinha,2022-01,234.275862,1.00000000
430037,Bento Gonçalves,2025-01,73.209590,1.00000000
430041,Lajeado,2020-10,35.551094,1.00000000
430016,Santana do Livramento,2022-05,75.385748,1.00000000
430037,Bento Gonçalves,2023-05,171.618652,1.00000000
430011,Santa Maria,2022-01,87.824870,1.00000000
430040,Santa Cruz do Sul,2019-01,208.220308,1.00000000
430039,Vacaria,2021-12,27.323427,1.00000000
430018,Ijuí,2018-09,200.614026,1.00000000
430035,Nonoai,2018-05,86.471155,1.00000000
430006,Charqueadas - Triunfo - São Jerônimo,2024-08,70.510703,1.00000000
430006,Charqueadas - Triunfo - São Jerônimo,2024-07,66.263155,1.00000000
430007,Montenegro,2022-10,82.204356,1.00000000
430040,Santa Cruz do Sul,2024-06,199.355838,1.00000000
430011,Santa Maria,2018-04,116.754714,1.00000000
430033,Lagoa Vermelha,2022-01,134.658687,1.00000000
430017,São Borja,2021-07,34.744917,1.00000000
430013,Cachoeira do Sul,2018-04,117.054346,1.00000000
430033,Lagoa Vermelha,2018-08,140.149955,1.00000000
430021,Três Passos,2024-02,214.131597,1.00000000
430001,Porto Alegre,2025-01,69.302672,1.00000000
430037,Bento Gonçalves,2020-05,218.177989,1.00000000
430032,Tapejara - Sananduva,2021-10,185.068720,1.00000000
430036,Caxias do Sul,2025-02,176.271509,1.00000000
430023,Três de Maio,2024-09,120.361982,1.00000000
430016,Santana do Livramento,2018-01,143.789230,1.00000000
430009,Pelotas,2021-09,225.997124,1.00000000
430013,Cachoeira do Sul,2019-04,192.786498,1.00000000
430003,Tramandaí - Osório,2023-06,122.467583,1.00000000
430014,Santiago,2023-03,166.742762,1.00000000
430043,Encantado,2018-12,151.973597,1.00000000
430024,Cerro Largo,2022-07,86.070726,1.00000000
430010,Bagé,2021-04,56.576968,1.00000000
430006,Charqueadas - Triunfo - São Jerônimo,2019-04,188.529922,1.00000000
430041,Lajeado,2025-12,299.097849,1.00000000
430043,Encantado,2024-02,159.773592,1.00000000
430023,Três de Maio,2024-12,182.003480,1.00000000
430017,São Borja,2021-01,210.656871,1.00000000
430026,Erechim,2020-01,197.939635,1.00000000
430026,Erechim,2023-01,88.304340,1.00000000
430026,Erechim,2024-07,153.018233,1.00000000
430025,Passo Fundo,2018-07,110.884712,1.00000000
430012,São Gabriel - Caçapava do Sul,2022-03,143.889458,1.00000000
430028,Carazinho,2021-11,37.431807,1.00000000
430032,Tapejara - Sananduva,2018-06,160.355816,1.00000000
430040,Santa Cruz do Sul,2018-12,117.457241,1.00000000
430043,Encantado,2018-06,186.170231,1.00000000
430026,Erechim,2020-08,131.460794,1.00000000
430019,Santa Rosa,2019-11,214.624947,1.00000000
430038,Nova Prata - Guaporé,2020-08,119.174686,1.00000000
430001,Porto Alegre,2024-03,66.320433,1.00000000
430016,Santana do Livramento,2018-07,105.250173,1.00000000
430015,Uruguaiana,2025-10,95.906038,1.00000000
430004,Taquara - Parobé - Igrejinha,2018-03,158.850984,1.00000000
430037,Bento Gonçalves,2020-04,46.295632,1.00000000
430020,Santo Ângelo,2025-05,321.309431,1.00000000
430004,Taquara - Parobé - Igrejinha,2019-12,54.176628,1.00000000
430026,Erechim,2025-03,,1.00000000
430029,Frederico Westphalen,2023-11,410.090726,1.00000000
430009,Pelotas,2025-04,133.370522,1.00000000
430028,Carazinho,2018-07,80.456005,1.00000000
430021,Três Passos,2023-08,122.133880,1.00000000
430003,Tramandaí - Osório,2018-10,121.769505,1.00000000
430037,Bento Gonçalves,2021-09,193.139376,1.00000000
430043,Encantado,2023-08,74.854593,1.00000000
430009,Pelotas,2025-12,195.875974,1.00000000
430002,Novo Hamburgo - São Leopoldo,2022-09,81.135663,1.00000000
430009,Pelotas,2025-10,67.755158,1.00000000
430021,Três Passos,2023-09,298.823306,1.00000000
430012,São Gabriel - Caçapava do Sul,2020-05,197.369404,1.00000000
430011,Santa Maria,2022-08,100.515622,1.00000000
430023,Três de Maio,2023-10,580.426597,1.00000000
430016,Santana do Livramento,2021-09,166.219020,1.00000000
430025,Passo Fundo,2023-02,,1.00000000
430042,Sobradinho,2020-12,97.275359,1.00000000
430036,Caxias do Sul,2019-02,166.868978,1.00000000
430002,Novo Hamburgo - São Leopoldo,2019-06,51.614145,1.00000000
430004,Taquara - Parobé - Igrejinha,2018-12,102.208711,1.00000000
430018,Ijuí,2018-08,92.980382,1.00000000
430001,Porto Alegre,2022-12,42.380304,1.00000000
430017,São Borja,2025-08,157.237190,1.00000000
430019,Santa Rosa,2021-06,170.308795,1.00000000
430035,Nonoai,2018-01,273.058987,1.00000000
430005,Camaquã,2023-04,48.833531,1.00000000
430010,Bagé,2023-08,81.425875,1.00000000
430039,Vacaria,2024-08,77.988096,1.00000000
430013,Cachoeira do Sul,2021-12,3.079988,1.00000000
430035,Nonoai,2019-03,150.749357,1.00000000
430037,Bento Gonçalves,2025-11,133.381545,1.00000000
430031,Soledade,2021-12,22.195474,1.00000000
430033,Lagoa Vermelha,2019-04,123.167926,1.00000000
430029,Frederico Westphalen,2018-04,33.764877,1.00000000
430006,Charqueadas - Triunfo - São Jerônimo,2018-11,166.903350,1.00000000
430004,Taquara - Parobé - Igrejinha,2021-04,20.616065,1.00000000
430004,Taquara - Parobé - Igrejinha,2025-08,188.846628,1.00000000
430035,Nonoai,2023-12,273.423283,1.00000000
430030,Marau,2020-09,85.768302,1.00000000
430040,Santa Cruz do Sul,2018-07,157.767225,1.00000000
430018,Ijuí,2018-10,217.610947,1.00000000
430043,Encantado,2020-12,92.092412,1.00000000
430019,Santa Rosa,2021-07,49.193022,1.00000000
430012,São Gabriel - Caçapava do Sul,2022-10,85.372010,1.00000000
430008,Torres,2018-07,195.697248,1.00000000
430042,Sobradinho,2022-07,177.829878,1.00000000
430040,Santa Cruz do Sul,2021-07,57.358864,1.00000000
430017,São Borja,2024-10,150.112939,1.00000000
430015,Uruguaiana,2022-08,95.709734,1.00000000
430006,Charqueadas - Triunfo - São Jerônimo,2022-07,168.929191,1.00000000
430013,Cachoeira do Sul,2023-08,60.910442,1.00000000
430025,Passo Fundo,2022-12,78.656238,1.00000000
430013,Cachoeira do Sul,2024-12,106.235009,1.00000000
430010,Bagé,2021-06,151.701035,1.00000000
430024,Cerro Largo,2018-02,85.881239,1.00000000
430012,São Gabriel - Caçapava do Sul,2024-12,82.902332,1.00000000
430038,Nova Prata - Guaporé,2018-05,102.189573,1.00000000
430042,Sobradinho,2022-09,68.371587,1.00000000
430029,Frederico Westphalen,2022-04,289.004210,1.00000000
430008,Torres,2020-11,134.624592,1.00000000
430037,Bento Gonçalves,2018-08,179.644240,1.00000000
430024,Cerro Largo,2022-10,185.463434,1.00000000
430023,Três de Maio,2019-06,30.531130,1.00000000
430037,Bento Gonçalves,2025-09,271.820574,1.00000000
430002,Novo Hamburgo - São Leopoldo,2023-04,44.698161,1.00000000
430004,Taquara - Parobé - Igrejinha,2025-09,266.874317,1.00000000
430024,Cerro Largo,2020-02,141.197912,1.00000000
430036,Caxias do Sul,2019-11,,1.00000000
430042,Sobradinho,2019-11,175.781904,1.00000000
430008,Torres,2022-09,70.003826,1.00000000
430020,Santo Ângelo,2021-01,256.096952,1.00000000
430041,Lajeado,2024-08,69.493533,1.00000000
430040,Santa Cruz do Sul,2018-09,283.090748,1.00000000
430043,Encantado,2021-08,138.520694,1.00000000
430005,Camaquã,2024-01,118.691432,1.00000000
430017,São Borja,2024-11,130.715391,1.00000000
430020,Santo Ângelo,2020-09,110.084391,1.00000000
430009,Pelotas,2018-11,90.511983,1.00000000
430010,Bagé,2019-06,62.242739,1.00000000
430013,Cachoeira do Sul,2024-03,144.268837,1.00000000
430032,Tapejara - Sananduva,2021-11,62.969537,1.00000000
430015,Uruguaiana,2025-04,79.371782,1.00000000
430020,Santo Ângelo,2024-12,146.309545,1.00000000
430004,Taquara - Parobé - Igrejinha,2024-11,120.010948,1.00000000
430028,Carazinho,2024-06,200.139492,1.00000000
430039,Vacaria,2021-09,210.159239,1.00000000
430003,Tramandaí - Osório,2019-03,123.677024,1.00000000
430028,Carazinho,2020-01,197.527310,1.00000000
430039,Vacaria,2019-09,77.037837,1.00000000
430005,Camaquã,2021-10,55.047751,1.00000000
430020,Santo Ângelo,2020-02,125.873174,1.00000000
430032,Tapejara - Sananduva,2025-08,141.496591,1.00000000
430038,Nova Prata - Guaporé,2018-02,94.975678,1.00000000
430015,Uruguaiana,2018-11,193.349632,1.00000000
430007,Montenegro,2025-10,149.848591,1.00000000
430009,Pelotas,2019-01,292.732160,1.00000000
430001,Porto Alegre,2019-07,155.275750,1.00000000
430014,Santiago,2018-08,120.527263,1.00000000
430027,Cruz Alta,2019-11,227.926452,1.00000000
430043,Encantado,2020-11,89.456455,1.00000000
430020,Santo Ângelo,2018-05,163.635119,1.00000000
430035,Nonoai,2022-11,57.172659,1.00000000
430006,Charqueadas - Triunfo - São Jerônimo,2018-04,101.914595,1.00000000
430010,Bagé,2024-11,94.639778,1.00000000
430011,Santa Maria,2025-12,224.158043,1.00000000
430008,Torres,2021-09,207.912625,1.00000000
430019,Santa Rosa,2020-04,133.691202,1.00000000
430020,Santo Ângelo,2025-07,122.135654,1.00000000
430039,Vacaria,2018-03,170.978092,1.00000000
430040,Santa Cruz do Sul,2024-12,127.172731,1.00000000
430022,São Luiz Gonzaga,2018-08,81.268933,1.00000000
430016,Santana do Livramento,2019-05,182.247071,1.00000000
430032,Tapejara - Sananduva,2023-12,173.237523,1.00000000
430030,Marau,2020-07,404.301761,1.00000000
430041,Lajeado,2020-01,221.537718,1.00000000
430007,Montenegro,2024-10,94.225359,1.00000000
430036,Caxias do Sul,2024-03,115.810983,1.00000000
430042,Sobradinho,2024-03,159.336919,1.00000000
430010,Bagé,2020-04,79.163052,1.00000000
430021,Três Passos,2022-06,146.643990,1.00000000
430001,Porto Alegre,2021-11,54.689120,1.00000000
430006,Charqueadas - Triunfo - São Jerônimo,2021-02,77.238990,1.00000000
430007,Montenegro,2018-04,59.713380,1.00000000
430033,Lagoa Vermelha,2021-10,174.406641,1.00000000
430014,Santiago,2023-10,310.727251,1.00000000
430029,Frederico Westphalen,2018-12,115.365099,1.00000000
430011,Santa Maria,2021-04,54.338472,1.00000000
430009,Pelotas,2018-06,84.774195,1.00000000
430005,Camaquã,2019-03,79.623166,1.00000000
430004,Taquara - Parobé - Igrejinha,2020-06,193.403118,1.00000000
430012,São Gabriel - Caçapava do Sul,2024-01,134.647356,1.00000000
430003,Tramandaí - Osório,2020-09,212.595105,1.00000000
430025,Passo Fundo,2019-07,126.022221,1.00000000
430042,Sobradinho,2021-01,215.312655,1.00000000
430014,Santiago,2023-06,59.254392,1.00000000
430002,Novo Hamburgo - São Leopoldo,2019-11,180.827584,1.00000000
430009,Pelotas,2021-02,228.828284,1.00000000
430010,Bagé,2023-04,42.025225,1.00000000
430005,Camaquã,2020-10,104.975747,1.00000000
430013,Cachoeira do Sul,2019-08,94.563746,1.00000000
430027,Cruz Alta,2021-08,134.401180,1.00000000
430040,Santa Cruz do Sul,2021-06,169.812207,1.00000000
430005,Camaquã,2018-09,251.250267,1.00000000
430038,Nova Prata - Guaporé,2022-01,121.604000,1.00000000
430016,Santana do Livramento,2022-04,272.424342,1.00000000
430033,Lagoa Vermelha,2024-05,422.751803,1.00000000
430036,Caxias do Sul,2024-12,239.091325,1.00000000
430030,Marau,2023-06,142.286048,1.00000000
430022,São Luiz Gonzaga,2021-08,103.163128,1.00000000
430016,Santana do Livramento,2022-10,63.715574,1.00000000
430011,Santa Maria,2020-11,95.207608,1.00000000
430038,Nova Prata - Guaporé,2023-08,85.319556,1.00000000
430040,Santa Cruz do Sul,2020-11,59.352455,1.00000000
430013,Cachoeira do Sul,2024-05,378.290637,1.00000000
430006,Charqueadas - Triunfo - São Jerônimo,2018-03,147.799291,1.00000000
430038,Nova Prata - Guaporé,2025-10,155.880228,1.00000000
430029,Frederico Westphalen,2020-01,268.820151,1.00000000
430003,Tramandaí - Osório,2024-03,78.730556,1.00000000
430013,Cachoeira do Sul,2018-01,117.250082,1.00000000
430017,São Borja,2024-04,239.985790,1.00000000
430027,Cruz Alta,2022-10,117.146003,1.00000000
430038,Nova Prata - Guaporé,2019-04,147.303756,1.00000000
430020,Santo Ângelo,2022-02,110.256789,1.00000000
430011,Santa Maria,2023-01,60.517552,1.00000000
430001,Porto Alegre,2023-03,77.842138,1.00000000
430043,Encantado,2023-04,61.913216,1.00000000
430034,Palmeira das Missões,2025-03,107.210391,1.00000000
430028,Carazinho,2019-02,198.581319,1.00000000
430012,São Gabriel - Caçapava do Sul,2021-07,61.384330,1.00000000
430031,Soledade,2025-05,227.033188,1.00000000
430013,Cachoeira do Sul,2023-07,181.671380,1.00000000
430023,Três de Maio,2022-03,,1.00000000
430034,Palmeira das Missões,2018-10,260.918685,1.00000000
430007,Montenegro,2020-05,237.008109,1.00000000
430031,Soledade,2022-05,277.958293,1.00000000
430037,Bento Gonçalves,2020-02,114.289020,1.00000000
430002,Novo Hamburgo - São Leopoldo,2023-10,200.726924,1.00000000
430012,São Gabriel - Caçapava do Sul,2023-07,179.749435,1.00000000
430020,Santo Ângelo,2022-09,69.077039,1.00000000
430042,Sobradinho,2025-10,139.091637,1.00000000
430021,Três Passos,2022-08,129.173366,1.00000000
430014,Santiago,2024-04,365.612554,1.00000000
430004,Taquara - Parobé - Igrejinha,2020-09,188.390132,1.00000000
430009,Pelotas,2023-04,38.861851,1.00000000
430011,Santa Maria,2018-11,251.501655,1.00000000
430011,Santa Maria,2019-07,194.455504,1.00000000
430009,Pelotas,2024-03,136.075660,1.00000000
430011,Santa Maria,2023-04,79.925724,1.00000000
430003,Tramandaí - Osório,2019-10,274.034565,1.00000000
430022,São Luiz Gonzaga,2018-03,212.069361,1.00000000
430005,Camaquã,2024-05,300.668413,1.00000000
430036,Caxias do Sul,2018-05,114.891737,1.00000000
430003,Tramandaí - Osório,2019-01,199.962454,1.00000000
430002,Novo Hamburgo - São Leopoldo,2025-06,303.278275,1.00000000
430001,Porto Alegre,2023-08,66.655459,1.00000000
430006,Charqueadas - Triunfo - São Jerônimo,2025-05,202.512141,1.00000000
430037,Bento Gonçalves,2018-06,173.549135,1.00000000
430043,Encantado,2025-09,280.744369,1.00000000
430027,Cruz Alta,2019-07,162.687282,1.00000000
430007,Montenegro,2018-09,194.624926,1.00000000
430021,Três Passos,2019-03,207.687823,1.00000000
430008,Torres,2020-09,189.860037,1.00000000
430025,Passo Fundo,2021-03,157.496480,1.00000000
430008,Torres,2025-06,233.942493,1.00000000
430038,Nova Prata - Guaporé,2023-09,458.812729,1.00000000
430025,Passo Fundo,2022-02,146.955069,1.00000000
430038,Nova Prata - Guaporé,2025-08,148.743526,1.00000000
430031,Soledade,2019-09,93.651233,1.00000000
430031,Soledade,2018-09,232.569768,1.00000000
430027,Cruz Alta,2019-03,175.454044,1.00000000
430012,São Gabriel - Caçapava do Sul,2023-02,97.488618,1.00000000
430025,Passo Fundo,2025-06,381.357103,1.00000000
430029,Frederico Westphalen,2025-01,102.559523,1.00000000
430035,Nonoai,2024-03,185.106583,1.00000000
430007,Montenegro,2023-02,137.770657,1.00000000
430025,Passo Fundo,2021-11,36.458768,1.00000000
430015,Uruguaiana,2018-05,223.091345,1.00000000
430019,Santa Rosa,2025-09,261.311662,1.00000000
430011,Santa Maria,2020-01,170.071272,1.00000000
430030,Marau,2019-02,172.579963,1.00000000
430001,Porto Alegre,2018-04,91.227321,1.00000000
430023,Três de Maio,2020-08,121.282637,1.00000000
430038,Nova Prata - Guaporé,2023-12,168.408672,1.00000000
430030,Marau,2022-06,256.862933,1.00000000
430029,Frederico Westphalen,2019-07,132.040096,1.00000000
430021,Três Passos,2025-01,98.231717,1.00000000
430043,Encantado,2018-09,249.246792,1.00000000
430005,Camaquã,2021-07,49.384859,1.00000000
430001,Porto Alegre,2019-02,78.087964,1.00000000
430039,Vacaria,2024-07,149.499013,1.00000000
430011,Santa Maria,2020-08,74.738835,1.00000000
430015,Uruguaiana,2018-09,177.447178,1.00000000
430019,Santa Rosa,2023-10,547.419035,1.00000000
430039,Vacaria,2021-07,63.130254,1.00000000
430023,Três de Maio,2021-06,187.188290,1.00000000
430010,Bagé,2025-07,117.079506,1.00000000
430025,Passo Fundo,2022-04,271.306652,1.00000000
430006,Charqueadas - Triunfo - São Jerônimo,2020-06,141.915712,1.00000000
430031,Soledade,2019-03,123.330719,1.00000000
430014,Santiago,2025-04,70.120885,1.00000000
430036,Caxias do Sul,2018-10,243.650909,1.00000000
430025,Passo Fundo,2021-12,21.268986,1.00000000
430001,Porto Alegre,2025-05,170.098078,1.00000000
430010,Bagé,2019-11,109.686259,1.00000000
430010,Bagé,2020-01,119.202963,1.00000000
430006,Charqueadas - Triunfo - São Jerônimo,2018-08,129.146042,1.00000000
430030,Marau,2025-11,121.515270,1.00000000
430024,Cerro Largo,2018-04,49.598064,1.00000000
430043,Encantado,2021-10,111.955498,1.00000000
430002,Novo Hamburgo - São Leopoldo,2019-04,176.233308,1.00000000
430043,Encantado,2024-06,295.608025,1.00000000
430009,Pelotas,2022-08,121.242873,1.00000000
430006,Charqueadas - Triunfo - São Jerônimo,2020-10,68.616488,1.00000000
430007,Montenegro,2022-03,150.810795,1.00000000
430009,Pelotas,2023-03,123.832506,1.00000000
430005,Camaquã,2023-11,213.301587,1.00000000
430041,Lajeado,2022-09,69.311326,1.00000000
430031,Soledade,2021-06,198.501405,1.00000000
430027,Cruz Alta,2019-02,149.044993,1.00000000
430024,Cerro Largo,2024-05,266.844830,1.00000000
430037,Bento Gonçalves,2022-04,185.919851,1.00000000
430013,Cachoeira do Sul,2022-01,89.114023,1.00000000
430030,Marau,2020-11,110.280812,1.00000000
430005,Camaquã,2021-05,115.072522,1.00000000
430003,Tramandaí - Osório,2020-04,60.944467,1.00000000
430018,Ijuí,2020-03,48.061775,1.00000000
430010,Bagé,2025-08,147.689826,1.00000000
430012,São Gabriel - Caçapava do Sul,2020-07,95.161386,1.00000000
430036,Caxias do Sul,2022-08,139.002526,1.00000000
430009,Pelotas,2021-08,137.674588,1.00000000
430028,Carazinho,2024-07,110.647179,1.00000000
430010,Bagé,2022-10,87.812003,1.00000000
430038,Nova Prata - Guaporé,2019-05,217.574178,1.00000000
430040,Santa Cruz do Sul,2021-09,221.573267,1.00000000
430010,Bagé,2024-06,103.925895,1.00000000
430010,Bagé,2020-06,176.407436,1.00000000
430029,Frederico Westphalen,2023-08,127.903306,1.00000000
430040,Santa Cruz do Sul,2024-05,385.768757,1.00000000
430021,Três Passos,2019-10,207.530440,1.00000000
430037,Bento Gonçalves,2022-06,204.097057,1.00000000
430013,Cachoeira do Sul,2025-07,124.286914,1.00000000
430036,Caxias do Sul,2023-03,172.940682,1.00000000
430024,Cerro Largo,2019-07,183.613064,1.00000000
430020,Santo Ângelo,2018-09,207.376435,1.00000000
430021,Três Passos,2023-11,418.342879,1.00000000
430024,Cerro Largo,2023-07,72.603170,1.00000000
430002,Novo Hamburgo - São Leopoldo,2022-07,154.303209,1.00000000
430004,Taquara - Parobé - Igrejinha,2025-06,317.500306,1.00000000
430023,Três de Maio,2019-03,,1.00000000
430006,Charqueadas - Triunfo - São Jerônimo,2020-09,178.356219,1.00000000
430038,Nova Prata - Guaporé,2023-06,148.229131,1.00000000
430004,Taquara - Parobé - Igrejinha,2025-01,92.836945,1.00000000
430007,Montenegro,2020-09,188.282531,1.00000000
430040,Santa Cruz do Sul,2022-07,179.229593,1.00000000
430015,Uruguaiana,2021-02,95.287252,1.00000000
430001,Porto Alegre,2024-05,389.189087,1.00000000
430014,Santiago,2022-11,65.138315,1.00000000
430025,Passo Fundo,2024-11,83.345205,1.00000000
430033,Lagoa Vermelha,2024-02,180.192472,1.00000000
430025,Passo Fundo,2022-08,123.241565,1.00000000
430029,Frederico Westphalen,2024-11,122.084357,1.00000000
430036,Caxias do Sul,2019-03,139.684976,1.00000000
430030,Marau,2024-02,242.696232,1.00000000
430032,Tapejara - Sananduva,2020-08,132.765303,1.00000000
430005,Camaquã,2021-06,151.977895,1.00000000
430017,São Borja,2018-02,59.335752,1.00000000
430018,Ijuí,2021-03,160.554128,1.00000000
430037,Bento Gonçalves,2020-09,136.847895,1.00000000
430029,Frederico Westphalen,2018-02,71.058227,1.00000000
430030,Marau,2019-01,188.390405,1.00000000
430030,Marau,2025-02,155.041614,1.00000000
430042,Sobradinho,2019-04,201.043642,1.00000000
430010,Bagé,2020-03,50.794738,1.00000000
430019,Santa Rosa,2025-04,104.226293,1.00000000
430012,São Gabriel - Caçapava do Sul,2018-04,114.721758,1.00000000
430008,Torres,2018-02,92.615539,1.00000000
430030,Marau,2018-09,206.560697,1.00000000
430009,Pelotas,2023-01,59.715981,1.00000000
430015,Uruguaiana,2020-09,121.852514,1.00000000
430030,Marau,2024-04,289.580684,1.00000000
430043,Encantado,2020-02,83.360627,1.00000000
430028,Carazinho,2025-10,157.439073,1.00000000
430020,Santo Ângelo,2023-04,79.121860,1.00000000
430011,Santa Maria,2023-11,241.001810,1.00000000
430023,Três de Maio,2021-10,277.223221,1.00000000
430040,Santa Cruz do Sul,2024-01,120.348981,1.00000000
430030,Marau,2021-09,,1.00000000
430014,Santiago,2022-04,306.053401,1.00000000
430029,Frederico Westphalen,2023-10,585.728645,1.00000000
430013,Cachoeira do Sul,2022-02,121.333126,1.00000000
430013,Cachoeira do Sul,2021-03,124.738507,1.00000000
430003,Tramandaí - Osório,2022-11,79.356470,1.00000000
430039,Vacaria,2025-11,127.257731,1.00000000
430021,Três Passos,2021-07,62.631338,1.00000000
430027,Cruz Alta,2021-09,196.579973,1.00000000
430038,Nova Prata - Guaporé,2020-05,188.168959,1.00000000
430006,Charqueadas - Triunfo - São Jerônimo,2018-06,148.128759,1.00000000
430026,Erechim,2020-09,66.674711,1.00000000
430007,Montenegro,2025-08,219.350086,1.00000000
430009,Pelotas,2018-08,152.041238,1.00000000
430043,Encantado,2023-02,114.358726,1.00000000
430008,Torres,2021-01,213.714020,1.00000000
430034,Palmeira das Missões,2025-10,175.883254,1.00000000
430008,Torres,2024-01,269.115060,1.00000000
430003,Tramandaí - Osório,2022-02,75.812820,1.00000000
430007,Montenegro,2023-04,34.498191,1.00000000
430007,Montenegro,2019-10,297.719846,1.00000000
430021,Três Passos,2018-01,245.216213,1.00000000
430040,Santa Cruz do Sul,2023-05,208.797772,1.00000000
430026,Erechim,2021-04,5.585508,1.00000000
430009,Pelotas,2022-10,88.995899,1.00000000
430041,Lajeado,2019-02,116.852407,1.00000000
430019,Santa Rosa,2020-05,325.648187,1.00000000
430042,Sobradinho,2024-06,240.596632,1.00000000
430021,Três Passos,2022-07,58.828019,1.00000000
430022,São Luiz Gonzaga,2023-10,427.246261,1.00000000
430027,Cruz Alta,2021-10,163.175385,1.00000000
430034,Palmeira das Missões,2019-10,266.885150,1.00000000
430043,Encantado,2022-01,145.132539,1.00000000
430037,Bento Gonçalves,2018-12,144.319199,1.00000000
430024,Cerro Largo,2023-09,370.529431,1.00000000
430011,Santa Maria,2025-10,117.377735,1.00000000
430042,Sobradinho,2023-12,209.774055,1.00000000
430004,Taquara - Parobé - Igrejinha,2024-12,202.943488,1.00000000
430018,Ijuí,2024-05,396.086523,1.00000000
430031,Soledade,2022-10,119.538435,1.00000000
430013,Cachoeira do Sul,2020-02,49.988555,1.00000000
430040,Santa Cruz do Sul,2023-03,84.455233,1.00000000
430008,Torres,2025-04,117.008682,1.00000000
430016,Santana do Livramento,2024-02,122.741914,1.00000000
430012,São Gabriel - Caçapava do Sul,2018-10,89.120485,1.00000000
430040,Santa Cruz do Sul,2023-08,63.557009,1.00000000
430022,São Luiz Gonzaga,2025-06,354.106101,1.00000000
430036,Caxias do Sul,2025-01,115.019937,1.00000000
430020,Santo Ângelo,2025-10,159.961509,1.00000000
430020,Santo Ângelo,2024-09,159.464412,1.00000000
430016,Santana do Livramento,2019-01,449.095787,1.00000000
430012,São Gabriel - Caçapava do Sul,2024-07,44.670042,1.00000000
430020,Santo Ângelo,2025-08,170.908164,1.00000000
430029,Frederico Westphalen,2022-10,290.438069,1.00000000
430014,Santiago,2021-09,195.027020,1.00000000
430024,Cerro Largo,2022-11,54.892771,1.00000000
430016,Santana do Livramento,2025-06,186.988836,1.00000000
430020,Santo Ângelo,2023-02,89.719237,1.00000000
430018,Ijuí,2018-01,288.117715,1.00000000
430039,Vacaria,2019-07,106.531091,1.00000000
430003,Tramandaí - Osório,2020-05,143.532547,1.00000000
430020,Santo Ângelo,2023-05,260.330503,1.00000000
430038,Nova Prata - Guaporé,2018-11,210.124051,1.00000000
430042,Sobradinho,2018-07,167.686586,1.00000000
430007,Montenegro,2018-08,141.465019,1.00000000
430030,Marau,2023-10,391.521296,1.00000000
430029,Frederico Westphalen,2019-03,177.574510,1.00000000
430022,São Luiz Gonzaga,2021-10,178.710585,1.00000000
430011,Santa Maria,2022-04,291.124227,1.00000000
430016,Santana do Livramento,2019-06,45.396925,1.00000000
430015,Uruguaiana,2022-12,45.420891,1.00000000
430023,Três de Maio,2021-12,23.302096,1.00000000
430024,Cerro Largo,2025-03,110.497281,1.00000000
430029,Frederico Westphalen,2022-07,68.967535,1.00000000
430023,Três de Maio,2022-07,73.397961,1.00000000
430011,Santa Maria,2025-07,103.158586,1.00000000
430030,Marau,2025-10,161.418543,1.00000000
430002,Novo Hamburgo - São Leopoldo,2018-05,89.901197,1.00000000
430012,São Gabriel - Caçapava do Sul,2022-08,118.196264,1.00000000
430022,São Luiz Gonzaga,2022-05,190.111947,1.00000000
430028,Carazinho,2018-03,194.582244,1.00000000
430020,Santo Ângelo,2019-03,204.733843,1.00000000
430043,Encantado,2025-08,189.121847,1.00000000
430022,São Luiz Gonzaga,2024-05,261.285219,1.00000000
430007,Montenegro,2024-07,82.534375,1.00000000
430041,Lajeado,2018-11,213.135668,1.00000000
430014,Santiago,2020-09,168.297773,1.00000000
430016,Santana do Livramento,2020-09,114.960561,1.00000000
430032,Tapejara - Sananduva,2023-06,150.955019,1.00000000
430006,Charqueadas - Triunfo - São Jerônimo,2023-12,142.238058,1.00000000
430003,Tramandaí - Osório,2019-04,184.111196,1.00000000
430010,Bagé,2025-02,143.477483,1.00000000
430029,Frederico Westphalen,2019-06,33.483395,1.00000000
430021,Três Passos,2018-08,84.500768,1.00000000
430033,Lagoa Vermelha,2020-06,208.704803,1.00000000
430015,Uruguaiana,2022-09,63.626088,1.00000000
430038,Nova Prata - Guaporé,2019-09,92.568252,1.00000000
430037,Bento Gonçalves,2024-07,94.857872,1.00000000
430022,São Luiz Gonzaga,2025-04,59.072695,1.00000000
430014,Santiago,2020-10,76.945753,1.00000000
430035,Nonoai,2024-08,123.343878,1.00000000
430033,Lagoa Vermelha,2024-07,145.491157,1.00000000
430010,Bagé,2018-01,97.813339,1.00000000
430018,Ijuí,2021-11,54.825758,1.00000000
430042,Sobradinho,2024-08,103.608446,1.00000000
430005,Camaquã,2021-09,210.332497,1.00000000
430018,Ijuí,2024-06,173.203298,1.00000000
430002,Novo Hamburgo - São Leopoldo,2018-09,179.843841,1.00000000
430042,Sobradinho,2020-10,44.777095,1.00000000
430036,Caxias do Sul,2019-06,63.545165,1.00000000
430016,Santana do Livramento,2019-04,181.245131,1.00000000
430007,Montenegro,2025-03,54.851693,1.00000000
430014,Santiago,2022-10,105.660379,1.00000000
430004,Taquara - Parobé - Igrejinha,2024-10,105.337484,1.00000000
430006,Charqueadas - Triunfo - São Jerônimo,2020-08,83.253743,1.00000000
430030,Marau,2022-12,92.557633,1.00000000
430033,Lagoa Vermelha,2024-04,237.412293,1.00000000
430042,Sobradinho,2023-04,70.570573,1.00000000
430042,Sobradinho,2025-09,309.859900,1.00000000
430006,Charqueadas - Triunfo - São Jerônimo,2021-04,14.243297,1.00000000
430018,Ijuí,2020-09,93.730148,1.00000000
430033,Lagoa Vermelha,2018-02,82.359624,1.00000000
430041,Lajeado,2020-08,107.189225,1.00000000
430030,Marau,2018-06,180.985124,1.00000000
430015,Uruguaiana,2024-01,162.633957,1.00000000
430013,Cachoeira do Sul,2022-07,189.538231,1.00000000
430042,Sobradinho,2020-04,98.054106,1.00000000
430009,Pelotas,2019-12,79.902303,1.00000000
430010,Bagé,2023-05,184.661587,1.00000000
430032,Tapejara - Sananduva,2020-11,109.159897,1.00000000
430043,Encantado,2020-07,351.011107,1.00000000
430016,Santana do Livramento,2020-11,95.310088,1.00000000
430034,Palmeira das Missões,2024-04,241.347882,1.00000000
430019,Santa Rosa,2025-08,141.529798,1.00000000
430003,Tramandaí - Osório,2023-09,339.540266,1.00000000
430033,Lagoa Vermelha,2019-11,167.489960,1.00000000
430001,Porto Alegre,2018-03,139.860184,1.00000000
430043,Encantado,2021-04,14.086991,1.00000000
430026,Erechim,2024-09,130.817199,1.00000000
430036,Caxias do Sul,2018-09,243.388017,1.00000000
430011,Santa Maria,2023-12,247.978728,1.00000000
430009,Pelotas,2023-11,200.951174,1.00000000
430018,Ijuí,2023-11,459.125288,1.00000000
430015,Uruguaiana,2025-01,45.660164,1.00000000
430011,Santa Maria,2025-02,142.388282,1.00000000
430019,Santa Rosa,2021-10,233.318337,1.00000000
430020,Santo Ângelo,2020-10,68.231315,1.00000000
430012,São Gabriel - Caçapava do Sul,2022-05,95.731974,1.00000000
430004,Taquara - Parobé - Igrejinha,2019-03,123.376749,1.00000000
430015,Uruguaiana,2025-02,118.586822,1.00000000
430002,Novo Hamburgo - São Leopoldo,2020-12,87.203585,1.00000000
430034,Palmeira das Missões,2019-11,193.268592,1.00000000
430014,Santiago,2025-05,368.183318,1.00000000
430023,Três de Maio,2024-04,279.569582,1.00000000
430022,São Luiz Gonzaga,2020-10,74.552423,1.00000000
430003,Tramandaí - Osório,2022-12,87.619099,1.00000000
430023,Três de Maio,2018-12,139.058979,1.00000000
430020,Santo Ângelo,2021-04,83.087280,1.00000000
430003,Tramandaí - Osório,2021-12,3.768013,1.00000000
430024,Cerro Largo,2025-12,302.253114,1.00000000
430021,Três Passos,2018-12,121.495877,1.00000000
430036,Caxias do Sul,2018-03,196.765730,1.00000000
430012,São Gabriel - Caçapava do Sul,2018-06,116.699873,1.00000000
430008,Torres,2020-10,68.889836,1.00000000
430003,Tramandaí - Osório,2025-02,144.344133,1.00000000
430005,Camaquã,2022-04,165.931643,1.00000000
430024,Cerro Largo,2025-04,85.179224,1.00000000
430021,Três Passos,2018-03,196.478354,1.00000000
430016,Santana do Livramento,2025-12,191.772212,1.00000000
430017,São Borja,2022-02,81.554696,1.00000000
430039,Vacaria,2023-01,99.473309,1.00000000
430037,Bento Gonçalves,2022-02,103.281863,1.00000000
430037,Bento Gonçalves,2020-10,33.811718,1.00000000
430026,Erechim,2025-05,113.405813,1.00000000
430041,Lajeado,2022-04,186.325305,1.00000000
430025,Passo Fundo,2023-04,69.727049,1.00000000
430043,Encantado,2018-07,,1.00000000
430005,Camaquã,2020-02,68.031425,1.00000000
430009,Pelotas,2020-03,56.946833,1.00000000
430002,Novo Hamburgo - São Leopoldo,2020-07,290.831708,1.00000000
430002,Novo Hamburgo - São Leopoldo,2019-08,71.440666,1.00000000
430016,Santana do Livramento,2023-01,51.683631,1.00000000
430032,Tapejara - Sananduva,2024-04,253.828565,1.00000000
430006,Charqueadas - Triunfo - São Jerônimo,2019-02,84.334782,1.00000000
430001,Porto Alegre,2019-09,91.317938,1.00000000
430012,São Gabriel - Caçapava do Sul,2021-08,95.789306,1.00000000
430031,Soledade,2024-07,78.140010,1.00000000
430023,Três de Maio,2021-05,76.305462,1.00000000
430025,Passo Fundo,2020-05,216.837222,1.00000000
430043,Encantado,2023-11,366.221016,1.00000000
430025,Passo Fundo,2019-08,70.994327,1.00000000
430004,Taquara - Parobé - Igrejinha,2023-11,321.346056,1.00000000
430002,Novo Hamburgo - São Leopoldo,2020-08,113.166895,1.00000000
430025,Passo Fundo,2021-06,208.650861,1.00000000
430009,Pelotas,2019-04,111.107674,1.00000000
430005,Camaquã,2020-07,149.567860,1.00000000
430040,Santa Cruz do Sul,2018-10,113.564911,1.00000000
430040,Santa Cruz do Sul,2025-10,111.990949,1.00000000
430018,Ijuí,2023-07,127.713351,1.00000000
430030,Marau,2018-08,167.854359,1.00000000
430001,Porto Alegre,2020-04,44.866663,1.00000000
430038,Nova Prata - Guaporé,2021-01,264.314200,1.00000000
430008,Torres,2020-06,164.852697,1.00000000
430026,Erechim,2025-11,105.893631,1.00000000
430015,Uruguaiana,2021-06,162.954117,1.00000000
430015,Uruguaiana,2020-08,40.813413,1.00000000
430034,Palmeira das Missões,2018-09,175.844753,1.00000000
430010,Bagé,2024-10,156.214463,1.00000000
430005,Camaquã,2021-04,15.448315,1.00000000
430003,Tramandaí - Osório,2023-11,337.606688,1.00000000
430006,Charqueadas - Triunfo - São Jerônimo,2023-01,,1.00000000
430018,Ijuí,2018-02,97.729657,1.00000000
430015,Uruguaiana,2023-05,,1.00000000
430025,Passo Fundo,2025-05,196.469145,1.00000000
430038,Nova Prata - Guaporé,2019-08,80.741530,1.00000000
430021,Três Passos,2020-10,55.832831,1.00000000
430022,São Luiz Gonzaga,2022-02,90.370811,1.00000000
430019,Santa Rosa,2023-08,113.751838,1.00000000
430022,São Luiz Gonzaga,2021-04,73.696361,1.00000000
430012,São Gabriel - Caçapava do Sul,2023-12,202.174594,1.00000000
430018,Ijuí,2018-06,143.519743,1.00000000
430036,Caxias do Sul,2022-09,84.709402,1.00000000
430017,São Borja,2020-02,187.583425,1.00000000
430016,Santana do Livramento,2025-04,92.411153,1.00000000
430043,Encantado,2019-04,170.733459,1.00000000
430016,Santana do Livramento,2023-11,183.298414,1.00000000
430031,Soledade,2023-01,68.055899,1.00000000
430023,Três de Maio,2022-11,57.013433,1.00000000
430008,Torres,2024-06,163.791618,1.00000000
430040,Santa Cruz do Sul,2018-11,178.392295,1.00000000
430039,Vacaria,2022-06,266.852082,1.00000000
430028,Carazinho,2021-10,218.546565,1.00000000
430016,Santana do Livramento,2018-11,196.483432,1.00000000
430034,Palmeira das Missões,2023-02,103.447006,1.00000000
430027,Cruz Alta,2024-03,242.812071,1.00000000
430001,Porto Alegre,2024-04,241.637480,1.00000000
430032,Tapejara - Sananduva,2025-02,132.658981,1.00000000
430032,Tapejara - Sananduva,2023-09,315.418262,1.00000000
430028,Carazinho,2018-09,208.549312,1.00000000
430032,Tapejara - Sananduva,2023-01,73.504953,1.00000000
430037,Bento Gonçalves,2019-01,193.908201,1.00000000
430002,Novo Hamburgo - São Leopoldo,2025-05,167.405871,1.00000000
430039,Vacaria,2022-09,78.839918,1.00000000
430018,Ijuí,2024-03,227.353194,1.00000000
430025,Passo Fundo,2020-03,29.263744,1.00000000
430031,Soledade,2023-03,99.104320,1.00000000
430030,Marau,2025-03,92.872083,1.00000000
430025,Passo Fundo,2021-02,92.341234,1.00000000
430011,Santa Maria,2024-09,168.019617,1.00000000
430030,Marau,2025-01,81.317817,1.00000000
430008,Torres,2021-04,34.604488,1.00000000
430020,Santo Ângelo,2024-10,228.615560,1.00000000
430033,Lagoa Vermelha,2023-01,70.927774,1.00000000
430029,Frederico Westphalen,2024-01,160.724826,1.00000000
430029,Frederico Westphalen,2019-07,132.040096,1.00000000
430033,Lagoa Vermelha,2019-06,44.121995,1.00000000
430033,Lagoa Vermelha,2023-11,485.179785,1.00000000
430035,Nonoai,2020-07,209.449802,1.00000000
430005,Camaquã,2024-10,114.632237,1.00000000
430019,Santa Rosa,2021-11,78.772591,1.00000000
430032,Tapejara - Sananduva,2020-12,103.771520,1.00000000
430012,São Gabriel - Caçapava do Sul,2022-02,125.268340,1.00000000
430005,Camaquã,2022-06,122.154174,1.00000000
430027,Cruz Alta,2021-12,21.485844,1.00000000
430013,Cachoeira do Sul,2018-10,106.001302,1.00000000
430004,Taquara - Parobé - Igrejinha,2024-01,172.208252,1.00000000
430026,Erechim,2019-06,39.464928,1.00000000
430018,Ijuí,2019-12,82.023792,1.00000000
430034,Palmeira das Missões,2020-12,134.074159,1.00000000
430042,Sobradinho,2021-11,52.232919,1.00000000
430026,Erechim,2022-12,84.173308,1.00000000
430034,Palmeira das Missões,2020-05,268.148366,1.00000000
430016,Santana do Livramento,2021-07,39.816316,1.00000000
430036,Caxias do Sul,2020-11,116.986953,1.00000000
430029,Frederico Westphalen,2024-08,114.273337,1.00000000
430039,Vacaria,2019-12,84.401692,1.00000000
430011,Santa Maria,2021-10,102.002672,1.00000000
430026,Erechim,2023-11,478.870618,1.00000000
430040,Santa Cruz do Sul,2021-08,135.335433,1.00000000
430017,São Borja,2024-06,110.098911,1.00000000
430042,Sobradinho,2023-01,69.471653,1.00000000
430023,Três de Maio,2022-09,90.798927,1.00000000
430014,Santiago,2021-06,228.349819,1.00000000
430015,Uruguaiana,2023-09,312.535787,1.00000000
430041,Lajeado,2019-10,364.914711,1.00000000
430042,Sobradinho,2025-04,84.108559,1.00000000
430034,Palmeira das Missões,2024-09,135.064601,1.00000000
430036,Caxias do Sul,2020-03,34.430194,1.00000000
430020,Santo Ângelo,2025-12,289.299541,1.00000000
430043,Encantado,2023-06,166.070325,1.00000000
430001,Porto Alegre,2019-01,143.144503,1.00000000
430008,Torres,2022-03,204.594252,1.00000000
430006,Charqueadas - Triunfo - São Jerônimo,2018-01,110.324402,1.00000000
430005,Camaquã,2024-07,72.320661,1.00000000
430019,Santa Rosa,2025-12,323.095630,1.00000000
430016,Santana do Livramento,2021-08,57.333578,1.00000000
430004,Taquara - Parobé - Igrejinha,2020-05,196.097502,1.00000000
430035,Nonoai,2020-11,128.078843,1.00000000
430006,Charqueadas - Triunfo - São Jerônimo,2020-05,210.526855,1.00000000
430009,Pelotas,2025-07,120.303850,1.00000000
430002,Novo Hamburgo - São Leopoldo,2024-08,67.682256,1.00000000
430019,Santa Rosa,2019-02,172.821399,1.00000000
430022,São Luiz Gonzaga,2018-11,333.982920,1.00000000
430005,Camaquã,2020-05,151.667797,1.00000000
430013,Cachoeira do Sul,2025-01,39.247812,1.00000000
430018,Ijuí,2023-12,258.564600,1.00000000
430016,Santana do Livramento,2021-12,1.646768,1.00000000
430014,Santiago,2020-05,217.929528,1.00000000
430021,Três Passos,2022-03,268.474022,1.00000000
430019,Santa Rosa,2022-02,93.986586,1.00000000
430040,Santa Cruz do Sul,2024-03,121.437211,1.00000000
430009,Pelotas,2021-01,203.063030,1.00000000
430031,Soledade,2018-02,121.768835,1.00000000
430039,Vacaria,2020-05,114.464659,1.00000000
430013,Cachoeira do Sul,2023-01,51.733431,1.00000000
430018,Ijuí,2018-03,206.331439,1.00000000
430030,Marau,2022-11,63.562995,1.00000000
430024,Cerro Largo,2018-09,178.818276,1.00000000
430042,Sobradinho,2022-10,70.463394,1.00000000
430043,Encantado,2022-06,205.374432,1.00000000
430013,Cachoeira do Sul,2024-01,127.355444,1.00000000
430007,Montenegro,2025-04,65.532841,1.00000000
430040,Santa Cruz do Sul,2021-05,179.389203,1.00000000
430023,Três de Maio,2021-03,178.557097,1.00000000
430012,São Gabriel - Caçapava do Sul,2019-04,157.252078,1.00000000
430004,Taquara - Parobé - Igrejinha,2019-08,69.163315,1.00000000
430011,Santa Maria,2020-06,159.852486,1.00000000
430003,Tramandaí - Osório,2018-11,94.949301,1.00000000
430010,Bagé,2024-09,281.167545,1.00000000
430035,Nonoai,2019-08,51.009674,1.00000000
430039,Vacaria,2023-11,437.414481,1.00000000
430017,São Borja,2023-01,52.544810,1.00000000
430036,Caxias do Sul,2022-05,251.112619,1.00000000
430007,Montenegro,2025-01,46.032848,1.00000000
430022,São Luiz Gonzaga,2020-05,266.093403,1.00000000
430024,Cerro Largo,2023-05,229.795538,1.00000000
430006,Charqueadas - Triunfo - São Jerônimo,2020-12,89.733521,1.00000000
430031,Soledade,2023-08,80.672805,1.00000000
430014,Santiago,2018-03,217.465220,1.00000000
430003,Tramandaí - Osório,2022-09,70.774504,1.00000000
430012,São Gabriel - Caçapava do Sul,2021-01,235.225938,1.00000000
430003,Tramandaí - Osório,2021-10,66.436760,1.00000000
430023,Três de Maio,2024-05,349.679046,1.00000000
430021,Três Passos,2018-10,300.048977,1.00000000
430017,São Borja,2018-09,149.035173,1.00000000
430028,Carazinho,2025-07,89.041350,1.00000000
430002,Novo Hamburgo - São Leopoldo,2019-12,46.520803,1.00000000
430035,Nonoai,2018-09,209.343337,1.00000000
430019,Santa Rosa,2024-01,200.534857,1.00000000
430017,São Borja,2019-02,100.295113,1.00000000
430030,Marau,2023-01,93.865705,1.00000000
430028,Carazinho,2023-05,172.559845,1.00000000
430036,Caxias do Sul,2025-06,342.331661,1.00000000
430029,Frederico Westphalen,2020-04,153.767505,1.00000000
430032,Tapejara - Sananduva,2019-03,145.006099,1.00000000
430034,Palmeira das Missões,2019-12,92.575897,1.00000000
430030,Marau,2018-02,99.610045,1.00000000
430008,Torres,2019-12,63.775224,1.00000000
430012,São Gabriel - Caçapava do Sul,2019-02,66.217198,1.00000000
430008,Torres,2018-04,56.416364,1.00000000
430025,Passo Fundo,2024-07,105.376054,1.00000000
430032,Tapejara - Sananduva,2024-01,184.274738,1.00000000
430042,Sobradinho,2021-10,122.778017,1.00000000
430017,São Borja,2025-05,337.471574,1.00000000
430025,Passo Fundo,2019-06,38.881779,1.00000000
430027,Cruz Alta,2018-04,86.259395,1.00000000
430038,Nova Prata - Guaporé,2019-06,50.185055,1.00000000
430028,Carazinho,2022-05,286.913749,1.00000000
430019,Santa Rosa,2021-08,70.336275,1.00000000
430027,Cruz Alta,2024-09,156.586103,1.00000000
430039,Vacaria,2018-02,90.051010,1.00000000
430022,São Luiz Gonzaga,2018-04,78.717335,1.00000000
430002,Novo Hamburgo - São Leopoldo,2018-10,160.225987,1.00000000
430036,Caxias do Sul,2025-05,165.425770,1.00000000
430017,São Borja,2025-07,88.289377,1.00000000
430037,Bento Gonçalves,2025-07,93.923756,1.00000000
430026,Erechim,2025-10,216.647695,1.00000000
430001,Porto Alegre,2021-08,146.899953,1.00000000
430004,Taquara - Parobé - Igrejinha,2019-01,173.455166,1.00000000
430039,Vacaria,2018-11,179.370303,1.00000000
430035,Nonoai,2018-07,45.873388,1.00000000
430020,Santo Ângelo,2018-03,201.357335,1.00000000
430035,Nonoai,2020-05,252.046217,1.00000000
430022,São Luiz Gonzaga,2020-08,71.008871,1.00000000
430035,Nonoai,2023-08,109.052237,1.00000000
430035,Nonoai,2022-12,81.119656,1.00000000
430023,Três de Maio,2019-10,228.884858,1.00000000
430012,São Gabriel - Caçapava do Sul,2023-10,120.545118,1.00000000
430024,Cerro Largo,2023-02,67.908967,1.00000000
430020,Santo Ângelo,2025-09,310.346828,1.00000000
430006,Charqueadas - Triunfo - São Jerônimo,2021-05,185.574573,1.00000000
430042,Sobradinho,2021-09,238.017306,1.00000000
430016,Santana do Livramento,2020-08,46.906792,1.00000000
430029,Frederico Westphalen,2022-01,83.332311,1.00000000
430016,Santana do Livramento,2021-06,186.673254,1.00000000
430042,Sobradinho,2023-02,99.320924,1.00000000
430014,Santiago,2019-01,416.863631,1.00000000
430018,Ijuí,2022-08,119.526856,1.00000000
430009,Pelotas,2022-02,117.326378,1.00000000
430013,Cachoeira do Sul,2020-01,222.307676,1.00000000
430012,São Gabriel - Caçapava do Sul,2020-01,151.370915,1.00000000
430034,Palmeira das Missões,2022-02,116.378153,1.00000000
430028,Carazinho,2018-05,119.483127,1.00000000
430032,Tapejara - Sananduva,2020-07,331.374683,1.00000000
430002,Novo Hamburgo - São Leopoldo,2025-04,85.137983,1.00000000
430023,Três de Maio,2024-06,134.918940,1.00000000
430018,Ijuí,2021-12,18.928311,1.00000000
430018,Ijuí,2024-10,225.925520,1.00000000
430040,Santa Cruz do Sul,2025-08,232.322121,1.00000000
430043,Encantado,2023-09,457.747071,1.00000000
430018,Ijuí,2019-06,49.281086,1.00000000
430018,Ijuí,2025-05,290.618358,1.00000000
430028,Carazinho,2023-06,144.507585,1.00000000
430009,Pelotas,2021-11,63.861509,1.00000000
430043,Encantado,2019-11,177.891469,1.00000000
430042,Sobradinho,2018-03,197.835123,1.00000000
430019,Santa Rosa,2018-08,78.141040,1.00000000
430039,Vacaria,2021-06,169.804696,1.00000000
430038,Nova Prata - Guaporé,2021-06,184.721956,1.00000000
430042,Sobradinho,2022-01,124.920445,1.00000000
430025,Passo Fundo,2021-07,57.139781,1.00000000
430010,Bagé,2023-01,47.177499,1.00000000
430041,Lajeado,2019-08,69.966434,1.00000000
430035,Nonoai,2023-11,415.385108,1.00000000
430020,Santo Ângelo,2021-03,157.820450,1.00000000
430029,Frederico Westphalen,2025-12,251.887947,1.00000000
430030,Marau,2021-08,99.087154,1.00000000
430035,Nonoai,2018-02,76.476182,1.00000000
430042,Sobradinho,2020-08,133.352185,1.00000000
430013,Cachoeira do Sul,2021-07,54.941697,1.00000000
430041,Lajeado,2020-12,90.819184,1.00000000
430008,Torres,2025-02,159.724739,1.00000000
430031,Soledade,2021-04,20.818666,1.00000000
430007,Montenegro,2021-06,140.428549,1.00000000
430026,Erechim,2022-07,99.800564,1.00000000
430022,São Luiz Gonzaga,2023-07,92.824266,1.00000000
430011,Santa Maria,2021-08,114.479253,1.00000000
430028,Carazinho,2021-07,57.009882,1.00000000
430036,Caxias do Sul,2021-04,23.072332,1.00000000
430023,Três de Maio,2018-09,168.395402,1.00000000
430043,Encantado,2020-10,24.332920,1.00000000
430035,Nonoai,2025-09,206.236668,1.00000000
430026,Erechim,2021-10,255.979493,1.00000000
430017,São Borja,2018-01,225.744338,1.00000000
430034,Palmeira das Missões,2018-08,99.138695,1.00000000
430038,Nova Prata - Guaporé,2018-12,148.325210,1.00000000
430018,Ijuí,2023-06,109.079006,1.00000000
430012,São Gabriel - Caçapava do Sul,2018-09,269.239190,1.00000000
430006,Charqueadas - Triunfo - São Jerônimo,2021-01,135.441078,1.00000000
430034,Palmeira das Missões,2023-04,61.845101,1.00000000
430030,Marau,2018-11,233.892180,1.00000000
430012,São Gabriel - Caçapava do Sul,2023-01,58.605992,1.00000000
430031,Soledade,2025-01,82.192353,1.00000000
430008,Torres,2021-11,72.297471,1.00000000
430021,Três Passos,2021-11,63.803258,1.00000000
430038,Nova Prata - Guaporé,2024-11,58.097159,1.00000000
430042,Sobradinho,2020-06,200.276021,1.00000000
430034,Palmeira das Missões,2025-12,295.196973,1.00000000
430025,Passo Fundo,2025-11,115.633172,1.00000000
430010,Bagé,2023-12,207.393946,1.00000000
430001,Porto Alegre,2019-05,224.941865,1.00000000
430023,Três de Maio,2023-09,309.859638,1.00000000
430025,Passo Fundo,2018-01,244.329693,1.00000000
430036,Caxias do Sul,2019-01,214.867560,1.00000000
430012,São Gabriel - Caçapava do Sul,2018-02,56.773975,1.00000000
430038,Nova Prata - Guaporé,2018-01,195.545298,1.00000000
430041,Lajeado,2022-01,157.239320,1.00000000
430014,Santiago,2020-12,104.035569,1.00000000
430019,Santa Rosa,2018-04,35.039443,1.00000000
430010,Bagé,2020-02,57.925896,1.00000000
430031,Soledade,2025-07,94.156614,1.00000000
430007,Montenegro,2025-11,115.899958,1.00000000
430041,Lajeado,2024-02,131.313782,1.00000000
430028,Carazinho,2019-10,288.529172,1.00000000
430036,Caxias do Sul,2018-01,205.903415,1.00000000
430031,Soledade,2024-11,67.186315,1.00000000
430035,Nonoai,2018-11,222.932863,1.00000000
430041,Lajeado,2025-03,70.624952,1.00000000
430026,Erechim,2019-02,220.443785,1.00000000
430027,Cruz Alta,2019-04,162.587571,1.00000000
430005,Camaquã,2024-06,139.126304,1.00000000
430007,Montenegro,2021-12,6.282546,1.00000000
430007,Montenegro,2020-02,144.752805,1.00000000
430007,Montenegro,2025-02,167.017671,1.00000000
430020,Santo Ângelo,2025-03,112.441050,1.00000000
430008,Torres,2019-04,149.756921,1.00000000
430021,Três Passos,2022-10,261.697031,1.00000000
430034,Palmeira das Missões,2022-05,276.327805,1.00000000
430019,Santa Rosa,2025-07,,1.00000000
430020,Santo Ângelo,2021-08,131.873861,1.00000000
430002,Novo Hamburgo - São Leopoldo,2020-04,42.236662,1.00000000
430010,Bagé,2023-03,120.189912,1.00000000
430027,Cruz Alta,2023-11,371.527525,1.00000000
430005,Camaquã,2022-02,137.104953,1.00000000
430006,Charqueadas - Triunfo - São Jerônimo,2025-04,68.203400,1.00000000
430005,Camaquã,2024-12,148.465352,1.00000000
430042,Sobradinho,2024-09,184.390706,1.00000000
430003,Tramandaí - Osório,2021-04,32.054273,1.00000000
430027,Cruz Alta,2019-01,274.038278,1.00000000
430016,Santana do Livramento,2018-02,69.233442,1.00000000
430020,Santo Ângelo,2019-06,43.276097,1.00000000
430035,Nonoai,2024-04,228.875820,1.00000000
430022,São Luiz Gonzaga,2021-05,103.113135,1.00000000
430027,Cruz Alta,2022-04,274.739249,1.00000000
430040,Santa Cruz do Sul,2022-08,102.745152,1.00000000
430031,Soledade,2022-08,120.785132,1.00000000
430039,Vacaria,2021-10,153.183823,1.00000000
430027,Cruz Alta,2020-06,228.913223,1.00000000
430027,Cruz Alta,2021-02,106.093557,1.00000000
430039,Vacaria,2023-10,349.374791,1.00000000
430007,Montenegro,2023-11,328.906685,1.00000000
430001,Porto Alegre,2022-05,126.656126,1.00000000
430029,Frederico Westphalen,2024-10,209.278651,1.00000000
430023,Três de Maio,2018-04,43.409843,1.00000000
430020,Santo Ângelo,2023-12,242.636553,1.00000000
430016,Santana do Livramento,2024-07,18.943755,1.00000000
430022,São Luiz Gonzaga,2020-04,116.636047,1.00000000
430032,Tapejara - Sananduva,2024-05,405.120000,1.00000000
430026,Erechim,2019-03,168.606146,1.00000000
430002,Novo Hamburgo - São Leopoldo,2019-10,298.907925,1.00000000
430039,Vacaria,2019-10,250.850769,1.00000000
430001,Porto Alegre,2019-10,260.552442,1.00000000
430004,Taquara - Parobé - Igrejinha,2020-10,65.180480,1.00000000
430019,Santa Rosa,2024-09,131.769477,1.00000000
430010,Bagé,2018-02,50.446710,1.00000000
430002,Novo Hamburgo - São Leopoldo,2025-10,184.216169,1.00000000
430014,Santiago,2024-12,85.751079,1.00000000
430038,Nova Prata - Guaporé,2024-05,580.984742,1.00000000
430001,Porto Alegre,2018-09,166.207328,1.00000000
430007,Montenegro,2020-10,47.000221,1.00000000
430026,Erechim,2023-05,132.594675,1.00000000
430006,Charqueadas - Triunfo - São Jerônimo,2021-12,2.189272,1.00000000
430008,Torres,2018-08,142.150585,1.00000000
430001,Porto Alegre,2025-08,232.185567,1.00000000
430025,Passo Fundo,2018-09,216.042647,1.00000000
430016,Santana do Livramento,2025-08,117.012715,1.00000000
430043,Encantado,2024-11,64.934945,1.00000000
430022,São Luiz Gonzaga,2025-09,304.228325,1.00000000
430025,Passo Fundo,2019-03,146.770624,1.00000000
430024,Cerro Largo,2025-09,279.656060,1.00000000
430030,Marau,2022-07,88.966222,1.00000000
430033,Lagoa Vermelha,2018-07,127.096181,1.00000000
430038,Nova Prata - Guaporé,2022-09,68.337739,1.00000000
430034,Palmeira das Missões,2022-06,187.763178,1.00000000
430013,Cachoeira do Sul,2022-08,98.481492,1.00000000
430015,Uruguaiana,2018-02,60.744725,1.00000000
430004,Taquara - Parobé - Igrejinha,2023-04,42.150153,1.00000000
430026,Erechim,2021-03,120.839803,1.00000000
430039,Vacaria,2025-06,315.935823,1.00000000
430029,Frederico Westphalen,2022-11,52.679797,1.00000000
430025,Passo Fundo,2023-03,100.725117,1.00000000
430023,Três de Maio,2020-05,346.276818,1.00000000
430042,Sobradinho,2018-12,168.397218,1.00000000
430008,Torres,2019-11,135.730134,1.00000000
430037,Bento Gonçalves,2019-05,245.935384,1.00000000
430021,Três Passos,2020-07,220.642963,1.00000000
430004,Taquara - Parobé - Igrejinha,2023-02,132.820078,1.00000000
430016,Santana do Livramento,2024-12,72.829039,1.00000000
430001,Porto Alegre,2019-08,83.815911,1.00000000
430008,Torres,2023-10,291.811471,1.00000000
430029,Frederico Westphalen,2023-09,297.163822,1.00000000
430025,Passo Fundo,2024-05,504.661123,1.00000000
430037,Bento Gonçalves,2019-08,90.671370,1.00000000
430025,Passo Fundo,2024-03,209.843109,1.00000000
430015,Uruguaiana,2023-12,253.013067,1.00000000
430034,Palmeira das Missões,2018-05,138.324551,1.00000000
430035,Nonoai,2025-12,244.022965,1.00000000
430010,Bagé,2022-04,224.290714,1.00000000
430015,Uruguaiana,2019-06,36.071788,1.00000000
430039,Vacaria,2025-04,111.541076,1.00000000
430019,Santa Rosa,2024-07,66.465617,1.00000000
430018,Ijuí,2021-08,110.567194,1.00000000
430022,São Luiz Gonzaga,2024-01,205.400190,1.00000000
430010,Bagé,2022-07,196.586784,1.00000000
430008,Torres,2022-11,77.634945,1.00000000
430012,São Gabriel - Caçapava do Sul,2019-05,185.300519,1.00000000
430030,Marau,2022-01,119.200495,1.00000000
430011,Santa Maria,2024-02,158.249849,1.00000000
430032,Tapejara - Sananduva,2024-03,158.206080,1.00000000
430038,Nova Prata - Guaporé,2020-01,181.801719,1.00000000
430014,Santiago,2024-05,265.771066,1.00000000
430007,Montenegro,2024-09,161.291194,1.00000000
430002,Novo Hamburgo - São Leopoldo,2025-08,204.508991,1.00000000
430036,Caxias do Sul,2019-04,182.155166,1.00000000
430018,Ijuí,2021-02,112.581149,1.00000000
430013,Cachoeira do Sul,2025-06,364.944354,1.00000000
430031,Soledade,2018-03,189.005854,1.00000000
430021,Três Passos,2023-01,83.566797,1.00000000
430032,Tapejara - Sananduva,2018-03,167.119668,1.00000000
430024,Cerro Largo,2020-06,205.259296,1.00000000
430011,Santa Maria,2024-08,152.881704,1.00000000
430026,Erechim,2021-07,63.669020,1.00000000
430011,Santa Maria,2018-12,169.126678,1.00000000
430007,Montenegro,2019-05,228.456748,1.00000000
430004,Taquara - Parobé - Igrejinha,2022-04,145.323155,1.00000000
430008,Torres,2023-01,109.029042,1.00000000
430025,Passo Fundo,2025-07,88.519524,1.00000000
430001,Porto Alegre,2025-04,69.600487,1.00000000
430030,Marau,2024-07,96.741680,1.00000000
430001,Porto Alegre,2021-12,1.032922,1.00000000
430032,Tapejara - Sananduva,2019-01,197.457287,1.00000000
430008,Torres,2022-07,93.150939,1.00000000
430012,São Gabriel - Caçapava do Sul,2023-05,222.255552,1.00000000
430026,Erechim,2021-11,63.672078,1.00000000
430043,Encantado,2021-11,34.466471,1.00000000
430014,Santiago,2019-10,298.969554,1.00000000
430023,Três de Maio,2018-03,191.066359,1.00000000
430019,Santa Rosa,2025-05,243.581267,1.00000000
430040,Santa Cruz do Sul,2020-05,270.225514,1.00000000
430034,Palmeira das Missões,2024-12,174.421692,1.00000000
430026,Erechim,2018-09,209.051045,1.00000000
430013,Cachoeira do Sul,2023-09,497.961617,1.00000000
430032,Tapejara - Sananduva,2018-11,214.557541,1.00000000
430027,Cruz Alta,2020-08,121.101708,1.00000000
430019,Santa Rosa,2023-11,432.423031,1.00000000
430016,Santana do Livramento,2020-04,41.579417,1.00000000
430023,Três de Maio,2019-07,151.583774,1.00000000
430038,Nova Prata - Guaporé,2024-02,195.391658,1.00000000
430017,São Borja,2023-05,197.643414,1.00000000
430013,Cachoeira do Sul,2024-07,54.439684,1.00000000
430037,Bento Gonçalves,2024-08,76.589230,1.00000000
430004,Taquara - Parobé - Igrejinha,2021-10,80.913217,1.00000000
430036,Caxias do Sul,2020-10,59.382907,1.00000000
430005,Camaquã,2022-11,47.994502,1.00000000
430001,Porto Alegre,2023-01,56.062022,1.00000000
430043,Encantado,2025-07,93.256986,1.00000000
430006,Charqueadas - Triunfo - São Jerônimo,2021-06,169.064532,1.00000000
430035,Nonoai,2021-04,16.563236,1.00000000
430012,São Gabriel - Caçapava do Sul,2024-06,177.576896,1.00000000
430039,Vacaria,2025-07,75.360280,1.00000000
430029,Frederico Westphalen,2018-05,116.470230,1.00000000
430013,Cachoeira do Sul,2020-04,53.527093,1.00000000
430004,Taquara - Parobé - Igrejinha,2023-12,183.249979,1.00000000
430040,Santa Cruz do Sul,2023-09,462.452190,1.00000000
430003,Tramandaí - Osório,2020-01,210.682385,1.00000000
430020,Santo Ângelo,2019-11,247.283461,1.00000000
430024,Cerro Largo,2023-11,383.032029,1.00000000
430014,Santiago,2025-03,104.772561,1.00000000
430002,Novo Hamburgo - São Leopoldo,2023-01,80.476187,1.00000000
430042,Sobradinho,2019-10,371.868443,1.00000000
430018,Ijuí,2023-09,408.545251,1.00000000
430003,Tramandaí - Osório,2021-07,50.841898,1.00000000
430012,São Gabriel - Caçapava do Sul,2022-09,64.956613,1.00000000
430039,Vacaria,2019-02,165.355516,1.00000000
430039,Vacaria,2023-09,360.640540,1.00000000
430024,Cerro Largo,2022-01,72.212620,1.00000000
430038,Nova Prata - Guaporé,2020-04,53.216414,1.00000000
430009,Pelotas,2023-05,168.645646,1.00000000
430005,Camaquã,2023-09,402.272314,1.00000000
430019,Santa Rosa,2025-01,76.707156,1.00000000
430004,Taquara - Parobé - Igrejinha,2023-07,177.799617,1.00000000
430037,Bento Gonçalves,2024-12,199.737555,1.00000000
430013,Cachoeira do Sul,2019-06,52.327944,1.00000000
430035,Nonoai,2020-06,263.467893,1.00000000
430019,Santa Rosa,2019-08,75.711798,1.00000000
430014,Santiago,2020-06,181.875793,1.00000000
430002,Novo Hamburgo - São Leopoldo,2020-10,59.422643,1.00000000
430005,Camaquã,2023-08,69.011713,1.00000000
430024,Cerro Largo,2019-04,195.575223,1.00000000
430032,Tapejara - Sananduva,2023-08,96.121212,1.00000000
430003,Tramandaí - Osório,2019-09,75.099152,1.00000000
430019,Santa Rosa,2019-06,33.377378,1.00000000
430012,São Gabriel - Caçapava do Sul,2021-12,1.079108,1.00000000
430029,Frederico Westphalen,2021-05,,1.00000000
430040,Santa Cruz do Sul,2019-05,209.001602,1.00000000
430031,Soledade,2020-09,142.830856,1.00000000
430031,Soledade,2020-10,35.415608,1.00000000
430012,São Gabriel - Caçapava do Sul,2019-11,108.991103,1.00000000
430037,Bento Gonçalves,2021-02,87.412564,1.00000000
430001,Porto Alegre,2022-09,59.113433,1.00000000
430011,Santa Maria,2020-09,184.090095,1.00000000
430020,Santo Ângelo,2024-07,68.373370,1.00000000
430004,Taquara - Parobé - Igrejinha,2024-05,472.559288,1.00000000
430018,Ijuí,2021-09,181.418869,1.00000000
430014,Santiago,2025-01,76.481216,1.00000000
430020,Santo Ângelo,2025-01,84.724237,1.00000000
430018,Ijuí,2022-09,88.024798,1.00000000
430003,Tramandaí - Osório,2024-04,267.129108,1.00000000
430012,São Gabriel - Caçapava do Sul,2022-12,49.202412,1.00000000
430031,Soledade,2021-07,55.015564,1.00000000
430017,São Borja,2019-12,96.755297,1.00000000
430021,Três Passos,2019-01,182.734004,1.00000000
430027,Cruz Alta,2022-08,109.424243,1.00000000
430039,Vacaria,2025-03,71.927502,1.00000000
430039,Vacaria,2019-04,141.657249,1.00000000
430016,Santana do Livramento,2023-08,59.131798,1.00000000
430029,Frederico Westphalen,2020-08,129.333451,1.00000000
430018,Ijuí,2020-07,281.978173,1.00000000
430013,Cachoeira do Sul,2018-06,146.066120,1.00000000
430028,Carazinho,2018-12,150.389103,1.00000000
430037,Bento Gonçalves,2025-06,335.551371,1.00000000
430002,Novo Hamburgo - São Leopoldo,2024-04,306.011564,1.00000000
430032,Tapejara - Sananduva,2018-09,192.005509,1.00000000
430040,Santa Cruz do Sul,2022-10,73.505848,1.00000000
430033,Lagoa Vermelha,2021-05,153.286688,1.00000000
430001,Porto Alegre,2023-07,136.338434,1.00000000
430024,Cerro Largo,2021-10,200.274677,1.00000000
430013,Cachoeira do Sul,2019-05,241.651565,1.00000000
430007,Montenegro,2021-04,10.602140,1.00000000
430022,São Luiz Gonzaga,2023-12,262.220665,1.00000000
430028,Carazinho,2024-01,180.690595,1.00000000
430027,Cruz Alta,2024-01,186.895305,1.00000000
430006,Charqueadas - Triunfo - São Jerônimo,2022-11,54.612622,1.00000000
430014,Santiago,2023-02,76.315104,1.00000000
430028,Carazinho,2024-11,85.451757,1.00000000
430011,Santa Maria,2018-09,230.758901,1.00000000
430019,Santa Rosa,2025-10,177.253924,1.00000000
430026,Erechim,2018-04,44.271259,1.00000000
430015,Uruguaiana,2021-11,88.259496,1.00000000
430025,Passo Fundo,2020-09,90.849194,1.00000000
430026,Erechim,2024-02,214.219118,1.00000000
430006,Charqueadas - Triunfo - São Jerônimo,2021-10,62.804583,1.00000000
430020,Santo Ângelo,2022-10,161.175375,1.00000000
430013,Cachoeira do Sul,2021-05,187.504920,1.00000000
430016,Santana do Livramento,2023-10,102.669789,1.00000000
430026,Erechim,2022-11,54.889000,1.00000000
430003,Tramandaí - Osório,2025-11,137.057994,1.00000000
430032,Tapejara - Sananduva,2023-02,98.258570,1.00000000
430009,Pelotas,2023-02,95.749006,1.00000000
430011,Santa Maria,2019-08,72.790794,1.00000000
430033,Lagoa Vermelha,2022-11,54.996749,1.00000000
430001,Porto Alegre,2022-10,71.011334,1.00000000
430009,Pelotas,2024-11,96.078953,1.00000000
430029,Frederico Westphalen,2022-12,73.304711,1.00000000
430003,Tramandaí - Osório,2024-11,123.290174,1.00000000
430012,São Gabriel - Caçapava do Sul,2025-12,208.294889,1.00000000
430015,Uruguaiana,2021-04,66.778283,1.00000000
430015,Uruguaiana,2018-07,67.405616,1.00000000
430010,Bagé,2022-12,34.365208,1.00000000
430006,Charqueadas - Triunfo - São Jerônimo,2024-02,96.830395,1.00000000
430022,São Luiz Gonzaga,2023-06,33.980988,1.00000000
430032,Tapejara - Sananduva,2025-01,84.777789,1.00000000
430038,Nova Prata - Guaporé,2025-04,101.333710,1.00000000
430035,Nonoai,2020-01,228.998900,1.00000000
430017,São Borja,2025-12,,1.00000000
430002,Novo Hamburgo - São Leopoldo,2022-05,171.180518,1.00000000
430040,Santa Cruz do Sul,2024-09,219.814373,1.00000000
430018,Ijuí,2023-04,63.195024,1.00000000
430026,Erechim,2021-05,93.509177,1.00000000
430009,Pelotas,2018-03,127.814585,1.00000000
430005,Camaquã,2024-03,83.908178,1.00000000
430016,Santana do Livramento,2021-10,77.459872,1.00000000
430009,Pelotas,2022-11,40.689707,1.00000000
430025,Passo Fundo,2020-10,46.792493,1.00000000
430007,Montenegro,2025-12,217.066752,1.00000000
430011,Santa Maria,2019-01,347.228432,1.00000000
430018,Ijuí,2019-07,158.274925,1.00000000
430003,Tramandaí - Osório,2024-01,198.045176,1.00000000
430002,Novo Hamburgo - São Leopoldo,2021-05,161.576453,1.00000000
430027,Cruz Alta,2020-09,132.773758,1.00000000
430024,Cerro Largo,2020-08,85.029075,1.00000000
430014,Santiago,2022-12,43.247241,1.00000000
430027,Cruz Alta,2024-10,177.500357,1.00000000
430001,Porto Alegre,2023-04,37.764414,1.00000000
430009,Pelotas,2022-06,109.505379,1.00000000
430029,Frederico Westphalen,2025-07,91.689038,1.00000000
430028,Carazinho,2023-03,112.513599,1.00000000
430016,Santana do Livramento,2018-08,134.993522,1.00000000
430008,Torres,2020-01,252.464115,1.00000000
430010,Bagé,2020-11,52.702837,1.00000000
430038,Nova Prata - Guaporé,2019-03,113.522322,1.00000000
430019,Santa Rosa,2020-03,47.765696,1.00000000
430011,Santa Maria,2021-06,206.424466,1.00000000
430024,Cerro Largo,2024-12,167.447842,1.00000000
430022,São Luiz Gonzaga,2022-03,224.672608,1.00000000
430026,Erechim,2019-05,,1.00000000
430028,Carazinho,2023-01,93.508515,1.00000000
430028,Carazinho,2020-08,,1.00000000
430018,Ijuí,2025-03,114.909396,1.00000000
430021,Três Passos,2020-06,223.783920,1.00000000
430042,Sobradinho,2024-05,530.928198,1.00000000
430008,Torres,2025-11,139.301606,1.00000000
430016,Santana do Livramento,2022-12,51.135476,1.00000000
430041,Lajeado,2024-06,247.358819,1.00000000
430027,Cruz Alta,2019-06,51.583401,1.00000000
430011,Santa Maria,2024-04,442.443780,1.00000000
430042,Sobradinho,2020-02,59.032842,1.00000000
430011,Santa Maria,2018-08,139.815011,1.00000000
430012,São Gabriel - Caçapava do Sul,2020-08,75.825612,1.00000000
430030,Marau,2018-01,217.055950,1.00000000
430020,Santo Ângelo,2021-07,50.013354,1.00000000
430004,Taquara - Parobé - Igrejinha,2022-11,70.197575,1.00000000
430004,Taquara - Parobé - Igrejinha,2023-09,420.246367,1.00000000
430003,Tramandaí - Osório,2022-03,185.475409,1.00000000
430029,Frederico Westphalen,2018-10,292.132798,1.00000000
430001,Porto Alegre,2020-09,205.163572,1.00000000
430017,São Borja,2018-08,105.349477,1.00000000
430012,São Gabriel - Caçapava do Sul,2025-02,129.633322,1.00000000
430015,Uruguaiana,2020-05,225.493629,1.00000000
430021,Três Passos,2020-05,280.699921,1.00000000
430003,Tramandaí - Osório,2019-02,127.129689,1.00000000
430042,Sobradinho,2022-06,194.013919,1.00000000
430038,Nova Prata - Guaporé,2022-07,108.427443,1.00000000
430011,Santa Maria,2021-05,218.261743,1.00000000
430007,Montenegro,2021-01,174.349127,1.00000000
430016,Santana do Livramento,2019-10,317.321408,1.00000000
430038,Nova Prata - Guaporé,2020-07,409.005382,1.00000000
430043,Encantado,2018-04,70.850960,1.00000000
430020,Santo Ângelo,2018-04,73.644603,1.00000000
430037,Bento Gonçalves,2021-04,11.098791,1.00000000
430039,Vacaria,2019-11,175.834528,1.00000000
430041,Lajeado,2024-07,88.638107,1.00000000
430037,Bento Gonçalves,2023-06,165.128750,1.00000000
430033,Lagoa Vermelha,2025-08,147.985003,1.00000000
430030,Marau,2019-09,81.826375,1.00000000
430030,Marau,2024-05,537.170720,1.00000000
430011,Santa Maria,2022-11,55.322107,1.00000000
430031,Soledade,2019-12,66.982413,1.00000000
430028,Carazinho,2023-10,489.122713,1.00000000
430022,São Luiz Gonzaga,2022-10,160.022651,1.00000000
430030,Marau,2019-08,70.809521,1.00000000
430018,Ijuí,2020-06,249.186748,1.00000000
430041,Lajeado,2023-12,174.008124,1.00000000
430017,São Borja,2023-12,236.015298,1.00000000
430022,São Luiz Gonzaga,2020-07,218.398640,1.00000000
430033,Lagoa Vermelha,2019-10,240.447027,1.00000000
430009,Pelotas,2024-08,210.489701,1.00000000
430037,Bento Gonçalves,2021-06,185.851362,1.00000000
430018,Ijuí,2025-06,409.646727,1.00000000
430043,Encantado,2021-07,53.483861,1.00000000
430038,Nova Prata - Guaporé,2023-01,75.593432,1.00000000
430020,Santo Ângelo,2018-11,285.156294,1.00000000
430043,Encantado,2022-12,75.403641,1.00000000
430024,Cerro Largo,2021-01,272.498201,1.00000000
430028,Carazinho,2025-12,229.936401,1.00000000
430034,Palmeira das Missões,2021-07,63.314572,1.00000000
430014,Santiago,2020-07,172.094378,1.00000000
430011,Santa Maria,2024-06,187.622953,1.00000000
430008,Torres,2019-08,38.891105,1.00000000
430037,Bento Gonçalves,2021-03,148.016279,1.00000000
430034,Palmeira das Missões,2022-10,237.603288,1.00000000
430035,Nonoai,2021-09,151.706134,1.00000000
430017,São Borja,2024-08,133.039907,1.00000000
430010,Bagé,2021-11,70.816558,1.00000000
430040,Santa Cruz do Sul,2019-11,134.702091,1.00000000
430018,Ijuí,2025-01,90.585571,1.00000000
430029,Frederico Westphalen,2022-08,145.100557,1.00000000
430016,Santana do Livramento,2019-02,69.228134,1.00000000
430005,Camaquã,2024-11,63.979048,1.00000000
430011,Santa Maria,2019-11,163.078298,1.00000000
430023,Três de Maio,2020-10,62.409132,1.00000000
430039,Vacaria,2024-02,158.965768,1.00000000
430035,Nonoai,2025-01,118.577906,1.00000000
430024,Cerro Largo,2024-11,105.368201,1.00000000
430011,Santa Maria,2019-04,195.049300,1.00000000
430002,Novo Hamburgo - São Leopoldo,2020-01,165.582044,1.00000000
430013,Cachoeira do Sul,2022-04,242.143304,1.00000000
430037,Bento Gonçalves,2020-12,99.570110,1.00000000
430001,Porto Alegre,2020-08,86.799207,1.00000000
430011,Santa Maria,2020-04,57.022625,1.00000000
430001,Porto Alegre,2020-03,37.579616,1.00000000
430040,Santa Cruz do Sul,2020-03,34.605114,1.00000000
430019,Santa Rosa,2019-01,175.681719,1.00000000
430036,Caxias do Sul,2020-01,247.143250,1.00000000
430025,Passo Fundo,2022-10,177.832939,1.00000000
430043,Encantado,2019-03,118.932738,1.00000000
430020,Santo Ângelo,2023-08,100.555256,1.00000000
430026,Erechim,2021-01,247.631758,1.00000000
430034,Palmeira das Missões,2018-01,250.611434,1.00000000
430015,Uruguaiana,2020-04,64.745391,1.00000000
430007,Montenegro,2025-06,281.247323,1.00000000
430027,Cruz Alta,2025-11,124.943151,1.00000000
430010,Bagé,2021-07,51.102150,1.00000000
430041,Lajeado,2021-09,216.735822,1.00000000
430016,Santana do Livramento,2022-08,113.081671,1.00000000
430041,Lajeado,2020-11,72.567496,1.00000000
430038,Nova Prata - Guaporé,2020-11,95.028791,1.00000000
430010,Bagé,2018-03,132.459204,1.00000000
430008,Torres,2020-07,311.987400,1.00000000
430037,Bento Gonçalves,2024-06,284.053401,1.00000000
430022,São Luiz Gonzaga,2019-11,236.149679,1.00000000
430030,Marau,2022-10,148.178267,1.00000000
430042,Sobradinho,2023-08,72.864988,1.00000000
430006,Charqueadas - Triunfo - São Jerônimo,2024-12,158.750604,1.00000000
430043,Encantado,2024-12,177.068917,1.00000000
430023,Três de Maio,2020-06,234.826329,1.00000000
430034,Palmeira das Missões,2022-12,80.218386,1.00000000
430034,Palmeira das Missões,2021-10,294.510818,1.00000000
430025,Passo Fundo,2019-11,184.076524,1.00000000
430017,São Borja,2023-07,74.383470,1.00000000
430013,Cachoeira do Sul,2024-09,206.927304,1.00000000
430025,Passo Fundo,2025-08,149.746154,1.00000000
430033,Lagoa Vermelha,2022-03,206.548082,1.00000000
430034,Palmeira das Missões,2021-01,218.187473,1.00000000
430004,Taquara - Parobé - Igrejinha,2023-06,157.551095,1.00000000
430001,Porto Alegre,2022-02,59.241747,1.00000000
430006,Charqueadas - Triunfo - São Jerônimo,2025-01,53.854834,1.00000000
430038,Nova Prata - Guaporé,2021-10,135.063520,1.00000000
430034,Palmeira das Missões,2020-06,223.895711,1.00000000
430015,Uruguaiana,2025-08,121.576943,1.00000000
430024,Cerro Largo,2021-08,91.844309,1.00000000
430006,Charqueadas - Triunfo - São Jerônimo,2019-01,145.353781,1.00000000
430006,Charqueadas - Triunfo - São Jerônimo,2025-06,304.959434,1.00000000
430002,Novo Hamburgo - São Leopoldo,2025-09,275.276775,1.00000000
430004,Taquara - Parobé - Igrejinha,2020-12,120.738810,1.00000000
430025,Passo Fundo,2023-01,87.689005,1.00000000
430005,Camaquã,2019-04,155.404332,1.00000000
430002,Novo Hamburgo - São Leopoldo,2022-11,70.155947,1.00000000
430007,Montenegro,2025-05,176.091343,1.00000000
430018,Ijuí,2018-04,66.476949,1.00000000
430018,Ijuí,2020-11,121.718872,1.00000000
430008,Torres,2025-08,138.364949,1.00000000
430037,Bento Gonçalves,2019-06,51.081909,1.00000000
430032,Tapejara - Sananduva,2022-02,114.178221,1.00000000
430017,São Borja,2020-06,144.126658,1.00000000
430011,Santa Maria,2024-07,39.995490,1.00000000
430021,Três Passos,2018-06,151.454621,1.00000000
430020,Santo Ângelo,2019-08,93.280667,1.00000000
430017,São Borja,2020-11,123.071095,1.00000000
430035,Nonoai,2018-03,189.619167,1.00000000
430033,Lagoa Vermelha,2024-06,139.931662,1.00000000
430029,Frederico Westphalen,2020-11,134.597840,1.00000000
430017,São Borja,2022-07,92.436851,1.00000000
430012,São Gabriel - Caçapava do Sul,2021-03,123.619631,1.00000000
430009,Pelotas,2020-07,97.485641,1.00000000
430008,Torres,2024-08,60.498479,1.00000000
430019,Santa Rosa,2025-11,132.913137,1.00000000
430033,Lagoa Vermelha,2025-03,74.462033,1.00000000
430001,Porto Alegre,2025-10,124.273582,1.00000000
430036,Caxias do Sul,2022-10,154.472865,1.00000000
430033,Lagoa Vermelha,2020-01,188.935612,1.00000000
430033,Lagoa Vermelha,2021-11,62.751414,1.00000000
430014,Santiago,2019-05,271.400151,1.00000000
430014,Santiago,2025-02,117.446121,1.00000000
430018,Ijuí,2022-06,174.326930,1.00000000
430024,Cerro Largo,2021-06,152.440195,1.00000000
430037,Bento Gonçalves,2024-10,120.208804,1.00000000
430034,Palmeira das Missões,2024-02,178.128447,1.00000000
430034,Palmeira das Missões,2023-06,144.443050,1.00000000
430034,Palmeira das Missões,2019-02,194.903571,1.00000000
430011,Santa Maria,2019-05,242.245769,1.00000000
430018,Ijuí,2022-11,47.324721,1.00000000
430037,Bento Gonçalves,2018-04,65.917858,1.00000000
430037,Bento Gonçalves,2019-09,90.019130,1.00000000
430017,São Borja,2019-03,161.958413,1.00000000
430017,São Borja,2025-10,130.928838,1.00000000
430009,Pelotas,2018-07,264.142610,1.00000000
430022,São Luiz Gonzaga,2020-06,173.675475,1.00000000
430007,Montenegro,2023-03,89.561605,1.00000000
430035,Nonoai,2023-06,161.949618,1.00000000
430042,Sobradinho,2024-11,103.556216,1.00000000
430034,Palmeira das Missões,2024-06,171.087091,1.00000000
430024,Cerro Largo,2020-11,134.554773,1.00000000
430035,Nonoai,2019-10,220.329725,1.00000000
430038,Nova Prata - Guaporé,2023-04,77.012606,1.00000000
430026,Erechim,2022-05,277.954578,1.00000000
430012,São Gabriel - Caçapava do Sul,2023-08,71.005204,1.00000000
430001,Porto Alegre,2023-09,348.522463,1.00000000
430013,Cachoeira do Sul,2024-10,143.659246,1.00000000
430028,Carazinho,2021-04,20.823331,1.00000000
430022,São Luiz Gonzaga,2021-07,45.156765,1.00000000
430026,Erechim,2024-03,177.283645,1.00000000
430031,Soledade,2020-12,107.190903,1.00000000
430026,Erechim,2025-08,181.864013,1.00000000
430017,São Borja,2021-09,163.869147,1.00000000
430016,Santana do Livramento,2018-04,117.125812,1.00000000
430036,Caxias do Sul,2025-07,91.387794,1.00000000
430021,Três Passos,2025-11,116.531524,1.00000000
430028,Carazinho,2022-03,216.205087,1.00000000
430031,Soledade,2022-02,132.632392,1.00000000
430020,Santo Ângelo,2025-04,84.260044,1.00000000
430031,Soledade,2022-01,116.477898,1.00000000
430035,Nonoai,2022-07,81.784568,1.00000000
430004,Taquara - Parobé - Igrejinha,2023-03,170.017258,1.00000000
430013,Cachoeira do Sul,2024-06,184.760785,1.00000000
430014,Santiago,2021-01,233.335936,1.00000000
430005,Camaquã,2025-01,55.925523,1.00000000
430034,Palmeira das Missões,2019-08,65.999960,1.00000000
430028,Carazinho,2019-07,142.338352,1.00000000
430039,Vacaria,2021-04,8.444171,1.00000000
430032,Tapejara - Sananduva,2021-06,177.883258,1.00000000
430008,Torres,2024-11,119.976694,1.00000000
430021,Três Passos,2023-05,153.322416,1.00000000
430005,Camaquã,2021-11,66.040984,1.00000000
430002,Novo Hamburgo - São Leopoldo,2025-07,103.046983,1.00000000
430004,Taquara - Parobé - Igrejinha,2022-12,99.929395,1.00000000
430013,Cachoeira do Sul,2018-12,124.941846,1.00000000
430040,Santa Cruz do Sul,2025-02,156.462790,1.00000000
430002,Novo Hamburgo - São Leopoldo,2025-11,119.149660,1.00000000
430001,Porto Alegre,2018-10,,1.00000000
430013,Cachoeira do Sul,2018-09,266.921824,1.00000000
430019,Santa Rosa,2022-11,57.549547,1.00000000
430026,Erechim,2024-12,180.373021,1.00000000
430023,Três de Maio,2025-05,229.068333,1.00000000
430015,Uruguaiana,2020-03,68.696730,1.00000000
430025,Passo Fundo,2021-09,195.377073,1.00000000
430025,Passo Fundo,2025-10,162.614681,1.00000000
430022,São Luiz Gonzaga,2022-06,152.633772,1.00000000
430002,Novo Hamburgo - São Leopoldo,2018-06,149.766650,1.00000000
430030,Marau,2020-05,195.642650,1.00000000
430027,Cruz Alta,2023-04,59.529886,1.00000000
430034,Palmeira das Missões,2025-05,207.692462,1.00000000
430014,Santiago,2024-01,173.509574,1.00000000
430029,Frederico Westphalen,2020-07,231.776656,1.00000000
430038,Nova Prata - Guaporé,2021-07,54.846458,1.00000000
430021,Três Passos,2020-11,132.813431,1.00000000
430036,Caxias do Sul,2025-10,200.309330,1.00000000
430023,Três de Maio,2020-12,141.887419,1.00000000
430042,Sobradinho,2023-06,133.091698,1.00000000
430005,Camaquã,2025-04,83.964106,1.00000000
430023,Três de Maio,2018-05,152.618868,1.00000000
430027,Cruz Alta,2024-11,74.945671,1.00000000
430004,Taquara - Parobé - Igrejinha,2025-10,203.415966,1.00000000
430032,Tapejara - Sananduva,2022-12,98.229537,1.00000000
430014,Santiago,2019-08,,1.00000000
430019,Santa Rosa,2024-03,195.990510,1.00000000
430022,São Luiz Gonzaga,2018-05,154.350854,1.00000000
430028,Carazinho,2024-10,212.824697,1.00000000
430042,Sobradinho,2018-04,105.057868,1.00000000
430006,Charqueadas - Triunfo - São Jerônimo,2022-06,126.827441,1.00000000
430013,Cachoeira do Sul,2025-05,300.503053,1.00000000
430022,São Luiz Gonzaga,2022-08,,1.00000000
430001,Porto Alegre,2018-01,86.382900,1.00000000
430004,Taquara - Parobé - Igrejinha,2018-01,156.242767,1.00000000
430028,Carazinho,2018-08,112.950527,1.00000000
430006,Charqueadas - Triunfo - São Jerônimo,2022-01,138.260747,1.00000000
430024,Cerro Largo,2025-08,148.246635,1.00000000
430028,Carazinho,2018-01,265.240486,1.00000000
430040,Santa Cruz do Sul,2018-04,115.608060,1.00000000
430010,Bagé,2022-05,78.375651,1.00000000
430028,Carazinho,2024-04,285.119807,1.00000000
430024,Cerro Largo,2020-10,,1.00000000
430002,Novo Hamburgo - São Leopoldo,2021-06,147.368327,1.00000000
430040,Santa Cruz do Sul,2024-11,76.935989,1.00000000
430020,Santo Ângelo,2018-10,208.756082,1.00000000
430036,Caxias do Sul,2019-09,95.821323,1.00000000
430025,Passo Fundo,2020-12,117.389245,1.00000000
430001,Porto Alegre,2023-02,104.621238,1.00000000
430024,Cerro Largo,2024-06,96.505675,1.00000000
430008,Torres,2023-06,146.354506,1.00000000
430022,São Luiz Gonzaga,2020-12,135.452400,1.00000000
430017,São Borja,2019-07,143.069082,1.00000000
430039,Vacaria,2022-07,101.509672,1.00000000
430001,Porto Alegre,2020-10,66.644751,1.00000000
430030,Marau,2020-02,86.959322,1.00000000
430041,Lajeado,2018-03,176.702966,1.00000000
430002,Novo Hamburgo - São Leopoldo,2019-03,109.544996,1.00000000
430026,Erechim,2025-12,239.028552,1.00000000
430010,Bagé,2022-08,139.435861,1.00000000
430031,Soledade,2020-06,215.542988,1.00000000
430003,Tramandaí - Osório,2022-06,135.691365,1.00000000
430009,Pelotas,2019-07,178.344299,1.00000000
430021,Três Passos,2025-07,94.099805,1.00000000
430024,Cerro Largo,2025-07,104.226478,1.00000000
430013,Cachoeira do Sul,2021-11,65.012205,1.00000000
430005,Camaquã,2024-09,299.972736,1.00000000
430034,Palmeira das Missões,2019-09,67.378039,1.00000000
430016,Santana do Livramento,2018-06,75.953936,1.00000000
430004,Taquara - Parobé - Igrejinha,2024-07,110.822578,1.00000000
430027,Cruz Alta,2022-05,230.492302,1.00000000
430040,Santa Cruz do Sul,2023-02,101.292686,1.00000000
430017,São Borja,2019-05,244.906908,1.00000000
430013,Cachoeira do Sul,2021-08,134.974052,1.00000000
430010,Bagé,2019-09,103.247213,1.00000000
430029,Frederico Westphalen,2018-03,213.328357,1.00000000
430019,Santa Rosa,2023-05,200.973192,1.00000000
430037,Bento Gonçalves,2023-10,242.398104,1.00000000
430017,São Borja,2022-05,93.726533,1.00000000
430020,Santo Ângelo,2020-06,244.446171,1.00000000
430017,São Borja,2020-01,156.824417,1.00000000
430022,São Luiz Gonzaga,2018-06,95.623054,1.00000000
430015,Uruguaiana,2018-04,109.501481,1.00000000
430024,Cerro Largo,2024-07,63.056907,1.00000000
430015,Uruguaiana,2025-09,269.933147,1.00000000
430022,São Luiz Gonzaga,2023-09,386.137480,1.00000000
430020,Santo Ângelo,2020-05,328.634352,1.00000000
430037,Bento Gonçalves,2020-07,373.104932,1.00000000
430031,Soledade,2023-10,334.773950,1.00000000
430006,Charqueadas - Triunfo - São Jerônimo,2019-12,44.566260,1.00000000
430011,Santa Maria,2024-03,212.204741,1.00000000
430006,Charqueadas - Triunfo - São Jerônimo,2023-03,67.941404,1.00000000
430040,Santa Cruz do Sul,2019-12,59.373111,1.00000000
430041,Lajeado,2018-06,164.878801,1.00000000
430019,Santa Rosa,2023-04,81.167087,1.00000000
430031,Soledade,2023-12,197.359837,1.00000000
430002,Novo Hamburgo - São Leopoldo,2021-02,83.126501,1.00000000
430039,Vacaria,2020-01,219.182986,1.00000000
430013,Cachoeira do Sul,2020-05,272.315369,1.00000000
430043,Encantado,2019-09,92.992073,1.00000000
430034,Palmeira das Missões,2019-03,185.306278,1.00000000
430036,Caxias do Sul,2023-04,70.024871,1.00000000
430023,Três de Maio,2019-04,164.777251,1.00000000
430027,Cruz Alta,2025-04,71.997988,1.00000000
430024,Cerro Largo,2019-12,86.970779,1.00000000
430041,Lajeado,2018-08,152.926809,1.00000000
430021,Três Passos,2025-05,174.942753,1.00000000
430007,Montenegro,2022-04,160.405289,1.00000000
430033,Lagoa Vermelha,2023-05,156.686440,1.00000000
430010,Bagé,2023-02,91.875375,1.00000000
430038,Nova Prata - Guaporé,2022-10,128.321851,1.00000000
430035,Nonoai,2020-08,125.491766,1.00000000
430040,Santa Cruz do Sul,2020-01,209.588247,1.00000000
430035,Nonoai,2024-05,283.804724,1.00000000
430009,Pelotas,2021-05,62.885953,1.00000000
430040,Santa Cruz do Sul,2021-01,183.789156,1.00000000
430022,São Luiz Gonzaga,2021-09,138.344967,1.00000000
430033,Lagoa Vermelha,2019-09,56.869257,1.00000000
430014,Santiago,2019-07,198.061587,1.00000000
430036,Caxias do Sul,2021-01,222.549649,1.00000000
430041,Lajeado,2025-09,292.956606,1.00000000
430009,Pelotas,2024-02,124.779512,1.00000000
430006,Charqueadas - Triunfo - São Jerônimo,2020-07,229.173152,1.00000000
430006,Charqueadas - Triunfo - São Jerônimo,2020-04,52.199514,1.00000000
430003,Tramandaí - Osório,2021-03,111.075285,1.00000000
430023,Três de Maio,2023-07,108.072432,1.00000000
430030,Marau,2020-12,110.786592,1.00000000
430042,Sobradinho,2024-04,510.865148,1.00000000
430029,Frederico Westphalen,2024-05,315.158730,1.00000000
430013,Cachoeira do Sul,2022-11,55.582513,1.00000000
430016,Santana do Livramento,2022-06,,1.00000000
430007,Montenegro,2020-11,64.628268,1.00000000
430038,Nova Prata - Guaporé,2024-12,191.748418,1.00000000
430031,Soledade,2018-10,232.607475,1.00000000
430017,São Borja,2019-09,48.446220,1.00000000
430031,Soledade,2023-09,458.540907,1.00000000
430026,Erechim,2020-05,225.509516,1.00000000
430003,Tramandaí - Osório,2025-12,198.592409,1.00000000
430004,Taquara - Parobé - Igrejinha,2025-11,135.618673,1.00000000
430020,Santo Ângelo,2021-12,17.102763,1.00000000
430024,Cerro Largo,2025-11,123.746999,1.00000000
430023,Três de Maio,2022-06,137.086548,1.00000000
430035,Nonoai,2021-11,69.752380,1.00000000
430014,Santiago,2022-08,90.965878,1.00000000
430042,Sobradinho,2025-06,452.121768,1.00000000
430036,Caxias do Sul,2021-02,111.580782,1.00000000
430043,Encantado,2024-08,78.445653,1.00000000
430031,Soledade,2020-04,64.136390,1.00000000
430029,Frederico Westphalen,2020-10,46.768898,1.00000000
430002,Novo Hamburgo - São Leopoldo,2023-06,140.225814,1.00000000
430032,Tapejara - Sananduva,2018-12,127.178080,1.00000000
430037,Bento Gonçalves,2023-08,74.728122,1.00000000
430021,Três Passos,2020-04,146.434844,1.00000000
430004,Taquara - Parobé - Igrejinha,2020-04,49.477327,1.00000000
430025,Passo Fundo,2019-04,131.097162,1.00000000
430019,Santa Rosa,2025-03,115.829472,1.00000000
430021,Três Passos,2020-12,137.051666,1.00000000
430013,Cachoeira do Sul,2019-11,119.653518,1.00000000
430019,Santa Rosa,2022-03,278.970217,1.00000000
430021,Três Passos,2022-04,264.241563,1.00000000
430032,Tapejara - Sananduva,2018-05,102.034838,1.00000000
430018,Ijuí,2020-08,128.826727,1.00000000
430029,Frederico Westphalen,2023-07,158.494761,1.00000000
430032,Tapejara - Sananduva,2019-04,126.815746,1.00000000
430024,Cerro Largo,2018-03,181.380057,1.00000000
430010,Bagé,2018-06,92.342924,1.00000000
430031,Soledade,2019-07,149.513454,1.00000000
430020,Santo Ângelo,2018-08,90.034505,1.00000000
430005,Camaquã,2021-08,144.797703,1.00000000
430019,Santa Rosa,2018-01,269.032424,1.00000000
430010,Bagé,2019-04,141.156072,1.00000000
430041,Lajeado,2021-02,99.399717,1.00000000
430042,Sobradinho,2022-04,260.096915,1.00000000
430006,Charqueadas - Triunfo - São Jerônimo,2020-02,98.225856,1.00000000
430028,Carazinho,2024-08,100.542873,1.00000000
430014,Santiago,2018-01,265.376086,1.00000000
430008,Torres,2024-04,271.918092,1.00000000
430031,Soledade,2018-05,113.795525,1.00000000
430036,Caxias do Sul,2022-01,205.768467,1.00000000
430025,Passo Fundo,2025-01,95.395239,1.00000000
430001,Porto Alegre,2022-08,103.400452,1.00000000
430038,Nova Prata - Guaporé,2019-01,197.267392,1.00000000
430015,Uruguaiana,2022-03,148.287922,1.00000000
430011,Santa Maria,2019-06,40.140319,1.00000000
430032,Tapejara - Sananduva,2024-12,173.508343,1.00000000
430008,Torres,2018-10,,1.00000000
430028,Carazinho,2020-07,332.833938,1.00000000
430021,Três Passos,2025-02,164.509389,1.00000000
430041,Lajeado,2018-05,85.059630,1.00000000
430014,Santiago,2021-11,68.384675,1.00000000
430030,Marau,2025-07,84.223905,1.00000000
430009,Pelotas,2022-07,251.557725,1.00000000
430023,Três de Maio,2019-08,69.243367,1.00000000
430004,Taquara - Parobé - Igrejinha,2021-09,181.913609,1.00000000
430025,Passo Fundo,2018-03,182.727100,1.00000000
430013,Cachoeira do Sul,2021-02,115.981852,1.00000000
430012,São Gabriel - Caçapava do Sul,2018-11,186.387343,1.00000000
430007,Montenegro,2024-04,305.137712,1.00000000
430014,Santiago,2019-03,188.369999,1.00000000
430009,Pelotas,2024-05,377.959232,1.00000000
430030,Marau,2018-12,143.759011,1.00000000
430018,Ijuí,2018-12,139.354655,1.00000000
430008,Torres,2019-02,170.981259,1.00000000
430003,Tramandaí - Osório,2022-08,158.447697,1.00000000
430035,Nonoai,2019-12,135.370338,1.00000000
430015,Uruguaiana,2025-11,104.870424,1.00000000
430019,Santa Rosa,2018-10,274.598708,1.00000000
430002,Novo Hamburgo - São Leopoldo,2020-03,18.942353,1.00000000
430040,Santa Cruz do Sul,2022-11,50.764003,1.00000000
430038,Nova Prata - Guaporé,2020-09,108.608651,1.00000000
430002,Novo Hamburgo - São Leopoldo,2023-05,150.601734,1.00000000
430021,Três Passos,2023-03,110.782740,1.00000000
430007,Montenegro,2023-06,150.101502,1.00000000
430032,Tapejara - Sananduva,2021-04,6.058116,1.00000000
430030,Marau,2021-05,165.866048,1.00000000
430030,Marau,2019-12,69.257168,1.00000000
430002,Novo Hamburgo - São Leopoldo,2021-11,64.904051,1.00000000
430026,Erechim,2021-06,210.295076,1.00000000
430022,São Luiz Gonzaga,2020-02,142.357103,1.00000000
430003,Tramandaí - Osório,2025-09,206.226749,1.00000000
430012,São Gabriel - Caçapava do Sul,2020-02,54.330146,1.00000000
430026,Erechim,2022-02,114.875264,1.00000000
430023,Três de Maio,2021-07,55.893001,1.00000000
430033,Lagoa Vermelha,2024-08,80.346597,1.00000000
430005,Camaquã,2018-03,147.991368,1.00000000
430031,Soledade,2020-01,179.535373,1.00000000
430020,Santo Ângelo,2024-04,293.692702,1.00000000
430005,Camaquã,2025-07,128.482929,1.00000000
430002,Novo Hamburgo - São Leopoldo,2023-09,404.761020,1.00000000
430025,Passo Fundo,2019-02,174.455548,1.00000000
430025,Passo Fundo,2022-11,57.911753,1.00000000
430025,Passo Fundo,2022-07,96.291968,1.00000000
430002,Novo Hamburgo - São Leopoldo,2020-09,202.844511,1.00000000
430016,Santana do Livramento,2021-05,150.560542,1.00000000
430019,Santa Rosa,2020-07,207.662142,1.00000000
430004,Taquara - Parobé - Igrejinha,2020-01,190.348359,1.00000000
430042,Sobradinho,2022-05,195.494212,1.00000000
430017,São Borja,2018-04,85.980344,1.00000000
430039,Vacaria,2020-09,120.220661,1.00000000
430005,Camaquã,2022-12,50.040323,1.00000000
430023,Três de Maio,2020-11,132.795952,1.00000000
430032,Tapejara - Sananduva,2021-02,71.377635,1.00000000
430039,Vacaria,2018-08,130.357077,1.00000000
430018,Ijuí,2025-10,162.539599,1.00000000
430036,Caxias do Sul,2021-12,22.997596,1.00000000
430036,Caxias do Sul,2025-12,238.620485,1.00000000
430040,Santa Cruz do Sul,2025-12,234.151766,1.00000000
430020,Santo Ângelo,2022-03,269.792642,1.00000000
430003,Tramandaí - Osório,2020-11,101.732112,1.00000000
430033,Lagoa Vermelha,2025-01,75.193396,1.00000000
430002,Novo Hamburgo - São Leopoldo,2025-01,70.448592,1.00000000
430016,Santana do Livramento,2019-03,68.704480,1.00000000
430011,Santa Maria,2022-05,114.633295,1.00000000
430005,Camaquã,2019-07,206.344846,1.00000000
430042,Sobradinho,2020-11,104.462825,1.00000000
430037,Bento Gonçalves,2023-02,142.267595,1.00000000
430017,São Borja,2018-03,215.861126,1.00000000
430003,Tramandaí - Osório,2018-02,84.319207,1.00000000
430033,Lagoa Vermelha,2020-02,105.159586,1.00000000
430041,Lajeado,2023-09,405.537830,1.00000000
430010,Bagé,2019-03,41.829113,1.00000000
430009,Pelotas,2020-09,176.193498,1.00000000
430034,Palmeira das Missões,2021-06,218.747350,1.00000000
430014,Santiago,2019-11,209.044525,1.00000000
430011,Santa Maria,2019-09,75.490682,1.00000000
430018,Ijuí,2021-04,64.579722,1.00000000
430025,Passo Fundo,2024-09,156.861593,1.00000000
430026,Erechim,2019-04,167.293859,1.00000000
430040,Santa Cruz do Sul,2025-05,251.009742,1.00000000
430008,Torres,2021-05,161.663873,1.00000000
430020,Santo Ângelo,2019-04,175.862917,1.00000000
430011,Santa Maria,2023-06,95.773915,1.00000000
430001,Porto Alegre,2024-06,165.824396,1.00000000
430009,Pelotas,2024-04,305.819352,1.00000000
430020,Santo Ângelo,2024-01,248.311479,1.00000000
430037,Bento Gonçalves,2024-11,85.385261,1.00000000
430036,Caxias do Sul,2021-10,120.079525,1.00000000
430041,Lajeado,2023-08,61.183639,1.00000000
430002,Novo Hamburgo - São Leopoldo,2019-01,151.082163,1.00000000
430031,Soledade,2018-11,252.052134,1.00000000
430016,Santana do Livramento,2020-07,33.887360,1.00000000
430041,Lajeado,2021-03,141.954368,1.00000000
430025,Passo Fundo,2024-01,170.180479,1.00000000
430028,Carazinho,2020-12,132.711007,1.00000000
430042,Sobradinho,2018-05,106.975421,1.00000000
430022,São Luiz Gonzaga,2023-11,339.555423,1.00000000
430033,Lagoa Vermelha,2025-11,117.912833,1.00000000
430042,Sobradinho,2019-06,63.562820,1.00000000
430013,Cachoeira do Sul,2025-06,364.944354,1.00000000
430015,Uruguaiana,2019-12,77.565996,1.00000000
430010,Bagé,2023-11,251.516211,1.00000000
430025,Passo Fundo,2019-09,77.287692,1.00000000
430042,Sobradinho,2025-05,309.182654,1.00000000
430012,São Gabriel - Caçapava do Sul,2019-06,51.174951,1.00000000
430028,Carazinho,2024-02,217.018120,1.00000000
430028,Carazinho,2021-02,89.227758,1.00000000
430012,São Gabriel - Caçapava do Sul,2018-03,174.043126,1.00000000
430020,Santo Ângelo,2023-09,429.122020,1.00000000
430009,Pelotas,2019-10,321.618003,1.00000000
430042,Sobradinho,2021-12,12.493276,1.00000000
430023,Três de Maio,2020-03,44.004717,1.00000000
430040,Santa Cruz do Sul,2018-08,154.869974,1.00000000
430042,Sobradinho,2021-08,149.511179,1.00000000
430016,Santana do Livramento,2023-02,81.283213,1.00000000
430027,Cruz Alta,2021-07,50.729317,1.00000000
430036,Caxias do Sul,2020-05,178.584571,1.00000000
430012,São Gabriel - Caçapava do Sul,2022-11,55.840176,1.00000000
430014,Santiago,2024-06,151.470515,1.00000000
430004,Taquara - Parobé - Igrejinha,2023-05,136.109615,1.00000000
430032,Tapejara - Sananduva,2023-04,80.199143,1.00000000
430025,Passo Fundo,2020-07,336.970421,1.00000000
430009,Pelotas,2019-11,83.650302,1.00000000
430013,Cachoeira do Sul,2024-11,83.134755,1.00000000
430006,Charqueadas - Triunfo - São Jerônimo,2020-11,64.201806,1.00000000
430040,Santa Cruz do Sul,2020-12,80.298160,1.00000000
430007,Montenegro,2020-08,108.238424,1.00000000
430010,Bagé,2019-02,55.805007,1.00000000
430028,Carazinho,2022-09,78.976056,1.00000000
430042,Sobradinho,2018-01,245.896037,1.00000000
430040,Santa Cruz do Sul,2021-11,54.273972,1.00000000
430024,Cerro Largo,2024-08,107.136436,1.00000000
430023,Três de Maio,2019-01,161.841141,1.00000000
430006,Charqueadas - Triunfo - São Jerônimo,2023-10,146.453376,1.00000000
430004,Taquara - Parobé - Igrejinha,2019-11,169.301546,1.00000000
430007,Montenegro,2022-01,179.097061,1.00000000
430021,Três Passos,2023-10,588.495536,1.00000000
430016,Santana do Livramento,2023-07,113.298428,1.00000000
430015,Uruguaiana,2021-07,39.221518,1.00000000
430013,Cachoeira do Sul,2021-10,70.747269,1.00000000
430006,Charqueadas - Triunfo - São Jerônimo,2025-10,119.408905,1.00000000
430002,Novo Hamburgo - São Leopoldo,2022-10,123.558636,1.00000000
430001,Porto Alegre,2019-03,81.877279,1.00000000
430001,Porto Alegre,2018-12,70.686640,1.00000000
430015,Uruguaiana,2019-09,45.156180,1.00000000
430026,Erechim,2023-06,155.373867,1.00000000
430021,Três Passos,2021-06,199.079693,1.00000000
430031,Soledade,2023-11,448.092167,1.00000000
430043,Encantado,2022-01,145.132539,1.00000000
430009,Pelotas,2022-09,61.107636,1.00000000
430024,Cerro Largo,2023-04,83.419720,1.00000000
430008,Torres,2023-03,202.987319,1.00000000
430027,Cruz Alta,2022-07,131.581621,1.00000000
430033,Lagoa Vermelha,2025-10,183.621554,1.00000000
430003,Tramandaí - Osório,2023-04,58.805342,1.00000000
430025,Passo Fundo,2020-06,218.444127,1.00000000
430018,Ijuí,2018-11,273.800250,1.00000000
430019,Santa Rosa,2024-04,295.429671,1.00000000
430038,Nova Prata - Guaporé,2024-10,146.757783,1.00000000
430030,Marau,2018-07,142.355591,1.00000000
430013,Cachoeira do Sul,2024-08,127.184851,1.00000000
430007,Montenegro,2023-05,149.373996,1.00000000
430020,Santo Ângelo,2020-04,126.633201,1.00000000
430040,Santa Cruz do Sul,2024-07,64.814231,1.00000000
430001,Porto Alegre,2021-10,48.790768,1.00000000
430023,Três de Maio,2023-04,71.823764,1.00000000
430002,Novo Hamburgo - São Leopoldo,2023-08,83.310613,1.00000000
430012,São Gabriel - Caçapava do Sul,2024-09,223.412704,1.00000000
430026,Erechim,2020-06,220.196102,1.00000000
430026,Erechim,2020-02,147.757325,1.00000000
430037,Bento Gonçalves,2022-07,153.247894,1.00000000
430005,Camaquã,2023-03,90.802756,1.00000000
430038,Nova Prata - Guaporé,2024-03,119.801845,1.00000000
430033,Lagoa Vermelha,2023-04,94.250486,1.00000000
430007,Montenegro,2018-10,130.692319,1.00000000
430019,Santa Rosa,2021-09,124.462149,1.00000000
430035,Nonoai,2022-04,286.868536,1.00000000
430029,Frederico Westphalen,2018-06,157.824571,1.00000000
430005,Camaquã,2022-05,96.281961,1.00000000
430017,São Borja,2023-09,335.105712,1.00000000
430025,Passo Fundo,2019-05,246.637839,1.00000000
430002,Novo Hamburgo - São Leopoldo,2022-12,73.223163,1.00000000
430014,Santiago,2020-03,44.307547,1.00000000
430026,Erechim,2023-03,76.772400,1.00000000
430041,Lajeado,2023-10,196.040934,1.00000000
430039,Vacaria,2020-04,63.871122,1.00000000
430031,Soledade,2021-09,184.864153,1.00000000
430007,Montenegro,2025-07,104.640777,1.00000000
430006,Charqueadas - Triunfo - São Jerônimo,2019-11,135.580723,1.00000000
430032,Tapejara - Sananduva,2024-08,92.007836,1.00000000
430008,Torres,2022-02,80.555442,1.00000000
430009,Pelotas,2023-10,74.313892,1.00000000
430037,Bento Gonçalves,2018-01,179.680693,1.00000000
430016,Santana do Livramento,2020-03,55.524082,1.00000000
430040,Santa Cruz do Sul,2019-07,198.328340,1.00000000
430004,Taquara - Parobé - Igrejinha,2022-08,135.952999,1.00000000
430003,Tramandaí - Osório,2021-09,191.757182,1.00000000
430011,Santa Maria,2023-07,146.940422,1.00000000
430003,Tramandaí - Osório,2022-04,135.073440,1.00000000
430012,São Gabriel - Caçapava do Sul,2024-10,152.410156,1.00000000
430004,Taquara - Parobé - Igrejinha,2021-05,159.988110,1.00000000
430038,Nova Prata - Guaporé,2023-07,172.754340,1.00000000
430036,Caxias do Sul,2018-06,173.665008,1.00000000
430021,Três Passos,2018-07,39.011355,1.00000000
430032,Tapejara - Sananduva,2024-07,141.768471,1.00000000
430022,São Luiz Gonzaga,2019-01,330.820475,1.00000000
430018,Ijuí,2024-04,279.922035,1.00000000
430039,Vacaria,2022-11,62.811320,1.00000000
430024,Cerro Largo,2023-06,35.038845,1.00000000
430016,Santana do Livramento,2020-10,82.078248,1.00000000
430024,Cerro Largo,2020-09,78.732452,1.00000000
430043,Encantado,2022-11,54.246344,1.00000000
430026,Erechim,2020-03,30.740899,1.00000000
430036,Caxias do Sul,2025-11,147.874696,1.00000000
430019,Santa Rosa,2020-08,98.463176,1.00000000
430020,Santo Ângelo,2022-12,76.337186,1.00000000
430012,São Gabriel - Caçapava do Sul,2021-04,39.265640,1.00000000
430014,Santiago,2024-11,110.997400,1.00000000
430006,Charqueadas - Triunfo - São Jerônimo,2025-09,260.911988,1.00000000
430021,Três Passos,2020-09,66.317755,1.00000000
430040,Santa Cruz do Sul,2023-04,51.320445,1.00000000
430003,Tramandaí - Osório,2021-01,166.742337,1.00000000
430043,Encantado,2019-01,191.866927,1.00000000
430036,Caxias do Sul,2018-02,109.670214,1.00000000
430012,São Gabriel - Caçapava do Sul,2020-09,137.511350,1.00000000
430010,Bagé,2018-12,142.363177,1.00000000
430018,Ijuí,2023-05,230.824211,1.00000000
430032,Tapejara - Sananduva,2020-09,77.289202,1.00000000
430018,Ijuí,2022-03,260.079833,1.00000000
430034,Palmeira das Missões,2025-01,92.639618,1.00000000
430033,Lagoa Vermelha,2019-01,202.383262,1.00000000
430034,Palmeira das Missões,2024-05,401.652793,1.00000000
430026,Erechim,2024-06,119.455540,1.00000000
430038,Nova Prata - Guaporé,2018-09,222.274867,1.00000000
430019,Santa Rosa,2021-05,64.300600,1.00000000
430037,Bento Gonçalves,2023-09,431.397093,1.00000000
430023,Três de Maio,2025-02,146.811019,1.00000000
430016,Santana do Livramento,2020-02,85.582042,1.00000000
430024,Cerro Largo,2022-12,58.538122,1.00000000
430015,Uruguaiana,2019-10,239.516362,1.00000000
430039,Vacaria,2022-08,130.478530,1.00000000
430036,Caxias do Sul,2024-11,116.874288,1.00000000
430015,Uruguaiana,2022-11,47.535788,1.00000000
430034,Palmeira das Missões,2024-01,185.888897,1.00000000
430038,Nova Prata - Guaporé,2022-08,129.305306,1.00000000
430005,Camaquã,2023-07,172.670873,1.00000000
430007,Montenegro,2020-06,184.824164,1.00000000
430043,Encantado,2022-03,195.986891,1.00000000
430027,Cruz Alta,2018-08,,1.00000000
430035,Nonoai,2020-02,170.640704,1.00000000
430017,São Borja,2021-05,105.885979,1.00000000
430041,Lajeado,2024-01,132.183973,1.00000000
430019,Santa Rosa,2023-02,88.690817,1.00000000
430024,Cerro Largo,2025-10,165.172193,1.00000000
430007,Montenegro,2021-05,168.938779,1.00000000
430038,Nova Prata - Guaporé,2021-09,199.621398,1.00000000
430041,Lajeado,2019-04,167.436409,1.00000000
430008,Torres,2025-09,192.814547,1.00000000
430005,Camaquã,2020-03,49.773358,1.00000000
430035,Nonoai,2024-12,173.717907,1.00000000
430001,Porto Alegre,2021-05,130.090582,1.00000000
430035,Nonoai,2018-04,43.582663,1.00000000
430025,Passo Fundo,2021-08,100.482117,1.00000000
430002,Novo Hamburgo - São Leopoldo,2024-12,185.846245,1.00000000
430002,Novo Hamburgo - São Leopoldo,2018-08,144.289654,1.00000000
430004,Taquara - Parobé - Igrejinha,2025-12,195.003421,1.00000000
430011,Santa Maria,2018-05,132.325214,1.00000000
430031,Soledade,2020-11,108.395337,1.00000000
430015,Uruguaiana,2024-11,155.283340,1.00000000
430010,Bagé,2019-10,350.031656,1.00000000
430042,Sobradinho,2019-07,195.825877,1.00000000
430022,São Luiz Gonzaga,2024-03,223.548548,1.00000000
430013,Cachoeira do Sul,2019-12,59.780987,1.00000000
430034,Palmeira das Missões,2021-02,90.204782,1.00000000
430031,Soledade,2019-01,181.800769,1.00000000
430020,Santo Ângelo,2018-06,107.132674,1.00000000
430022,São Luiz Gonzaga,2022-09,46.515668,1.00000000
430040,Santa Cruz do Sul,2019-04,167.318017,1.00000000
430027,Cruz Alta,2018-06,123.407394,1.00000000
430042,Sobradinho,2019-03,161.692903,1.00000000
430015,Uruguaiana,2024-02,125.899104,1.00000000
430029,Frederico Westphalen,2021-12,28.293415,1.00000000
430003,Tramandaí - Osório,2023-12,133.945438,1.00000000
430032,Tapejara - Sananduva,2021-09,190.611809,1.00000000
430014,Santiago,2019-09,75.603834,1.00000000
430025,Passo Fundo,2023-06,142.509912,1.00000000
430003,Tramandaí - Osório,2021-05,134.861387,1.00000000
430026,Erechim,2019-07,98.026957,1.00000000
430034,Palmeira das Missões,2025-07,94.583836,1.00000000
430014,Santiago,2020-04,87.101992,1.00000000
430005,Camaquã,2019-10,321.177869,1.00000000
430019,Santa Rosa,2019-09,58.731342,1.00000000
430036,Caxias do Sul,2023-02,170.572767,1.00000000
430022,São Luiz Gonzaga,2021-12,18.029300,1.00000000
430033,Lagoa Vermelha,2020-05,164.368054,1.00000000
430033,Lagoa Vermelha,2025-02,134.447595,1.00000000
430039,Vacaria,2021-01,238.300973,1.00000000
430003,Tramandaí - Osório,2018-09,179.185615,1.00000000
430003,Tramandaí - Osório,2018-01,169.338725,1.00000000
430015,Uruguaiana,2019-08,49.442500,1.00000000
430027,Cruz Alta,2018-01,296.778401,1.00000000
430026,Erechim,2021-12,18.088110,1.00000000
430032,Tapejara - Sananduva,2022-08,135.533109,1.00000000
430029,Frederico Westphalen,2025-11,110.629205,1.00000000
430030,Marau,2020-08,135.564450,1.00000000
430015,Uruguaiana,2024-04,291.222120,1.00000000
430034,Palmeira das Missões,2023-05,157.213822,1.00000000
430002,Novo Hamburgo - São Leopoldo,2025-03,61.726429,1.00000000
430026,Erechim,2020-12,161.427163,1.00000000
430002,Novo Hamburgo - São Leopoldo,2022-08,,1.00000000
430006,Charqueadas - Triunfo - São Jerônimo,2018-09,232.861106,1.00000000
430015,Uruguaiana,2021-10,80.674345,1.00000000
430012,São Gabriel - Caçapava do Sul,2025-06,240.050994,1.00000000
430022,São Luiz Gonzaga,2019-12,105.662549,1.00000000
430043,Encantado,2025-06,402.813223,1.00000000
430019,Santa Rosa,2025-06,339.562771,1.00000000
430009,Pelotas,2023-12,155.328745,1.00000000
430038,Nova Prata - Guaporé,2024-06,255.377994,1.00000000
430029,Frederico Westphalen,2021-03,128.290082,1.00000000
430016,Santana do Livramento,2022-03,153.382507,1.00000000
430024,Cerro Largo,2024-02,197.000235,1.00000000
430020,Santo Ângelo,2020-11,140.562083,1.00000000
430020,Santo Ângelo,2018-01,279.484013,1.00000000
430043,Encantado,2024-01,147.991998,1.00000000
430003,Tramandaí - Osório,2018-08,140.359586,1.00000000
430012,São Gabriel - Caçapava do Sul,2023-11,224.916911,1.00000000
430025,Passo Fundo,2018-11,242.604923,1.00000000
430023,Três de Maio,2023-11,477.251947,1.00000000
430032,Tapejara - Sananduva,2021-07,65.587120,1.00000000
430030,Marau,2019-10,293.563721,1.00000000
430042,Sobradinho,2018-11,256.807086,1.00000000
430010,Bagé,2023-12,207.393946,1.00000000
430011,Santa Maria,2023-03,126.264395,1.00000000
430004,Taquara - Parobé - Igrejinha,2020-07,304.298401,1.00000000
430023,Três de Maio,2024-10,203.682064,1.00000000
430037,Bento Gonçalves,2023-01,75.750310,1.00000000
430008,Torres,2020-03,35.268445,1.00000000
430035,Nonoai,2019-09,55.183184,1.00000000
430011,Santa Maria,2025-06,356.374958,1.00000000
430022,São Luiz Gonzaga,2021-09,138.344967,1.00000000
430019,Santa Rosa,2019-10,209.294756,1.00000000
430004,Taquara - Parobé - Igrejinha,2022-09,85.016318,1.00000000
430029,Frederico Westphalen,2018-01,249.808075,1.00000000
430012,São Gabriel - Caçapava do Sul,2020-06,155.580447,1.00000000
430010,Bagé,2020-10,82.463971,1.00000000
430025,Passo Fundo,2024-08,100.552367,1.00000000
430004,Taquara - Parobé - Igrejinha,2020-03,27.751112,1.00000000
430005,Camaquã,2018-04,162.727406,1.00000000
430002,Novo Hamburgo - São Leopoldo,2021-07,54.717852,1.00000000
430043,Encantado,2021-09,198.769320,1.00000000
430019,Santa Rosa,2020-10,69.222147,1.00000000
430029,Frederico Westphalen,2021-09,147.599408,1.00000000
430005,Camaquã,2023-01,68.126631,1.00000000
430036,Caxias do Sul,2021-05,196.619300,1.00000000
430032,Tapejara - Sananduva,2022-07,102.888771,1.00000000
430011,Santa Maria,2023-09,488.383030,1.00000000
430022,São Luiz Gonzaga,2023-08,96.872833,1.00000000
430042,Sobradinho,2022-12,66.543766,1.00000000
430042,Sobradinho,2025-01,90.806101,1.00000000
430016,Santana do Livramento,2018-09,199.933827,1.00000000
430035,Nonoai,2023-05,183.351010,1.00000000
430009,Pelotas,2020-06,214.458249,1.00000000
430038,Nova Prata - Guaporé,2025-11,122.341701,1.00000000
430015,Uruguaiana,2018-06,86.984642,1.00000000
430005,Camaquã,2018-06,121.536498,1.00000000
430031,Soledade,2018-12,182.560341,1.00000000
430001,Porto Alegre,2025-09,227.059223,1.00000000
430024,Cerro Largo,2018-07,47.285811,1.00000000
430013,Cachoeira do Sul,2022-09,65.454198,1.00000000
430015,Uruguaiana,2022-01,40.836679,1.00000000
430039,Vacaria,2022-02,105.407664,1.00000000
430012,São Gabriel - Caçapava do Sul,2018-01,131.666997,1.00000000
430041,Lajeado,2020-02,107.198298,1.00000000
430005,Camaquã,2025-11,98.594700,1.00000000
430019,Santa Rosa,2022-06,134.249485,1.00000000
430035,Nonoai,2022-05,252.582693,1.00000000
430035,Nonoai,2025-07,92.379708,1.00000000
430014,Santiago,2021-08,99.683426,1.00000000
430038,Nova Prata - Guaporé,2025-02,131.991100,1.00000000
430027,Cruz Alta,2024-08,98.932068,1.00000000
430010,Bagé,2024-02,89.128438,1.00000000
430042,Sobradinho,2021-03,133.366567,1.00000000
430033,Lagoa Vermelha,2018-09,192.016335,1.00000000
430016,Santana do Livramento,2019-07,165.917769,1.00000000
430008,Torres,2023-12,139.702896,1.00000000
430022,São Luiz Gonzaga,2023-04,77.789538,1.00000000
430021,Três Passos,2023-04,74.980542,1.00000000
430002,Novo Hamburgo - São Leopoldo,2018-03,152.437320,1.00000000
430041,Lajeado,2019-12,53.266150,1.00000000
430009,Pelotas,2023-07,207.307941,1.00000000
430023,Três de Maio,2018-02,76.146893,1.00000000
430018,Ijuí,2025-04,96.822630,1.00000000
430028,Carazinho,2020-11,116.915496,1.00000000
430018,Ijuí,2021-05,138.855138,1.00000000
430040,Santa Cruz do Sul,2020-07,171.691262,1.00000000
430007,Montenegro,2024-01,150.811799,1.00000000
430001,Porto Alegre,2018-06,,1.00000000
430021,Três Passos,2022-11,53.351958,1.00000000
430012,São Gabriel - Caçapava do Sul,2019-01,358.827394,1.00000000
430002,Novo Hamburgo - São Leopoldo,2020-11,69.175268,1.00000000
430015,Uruguaiana,2018-08,109.644646,1.00000000
430037,Bento Gonçalves,2020-08,121.540525,1.00000000
430027,Cruz Alta,2023-07,136.906207,1.00000000
430014,Santiago,2022-02,105.830553,1.00000000
430027,Cruz Alta,2025-07,100.423936,1.00000000
430026,Erechim,2020-04,102.963255,1.00000000
430026,Erechim,2019-11,166.561375,1.00000000
430035,Nonoai,2025-02,171.761221,1.00000000
430028,Carazinho,2024-03,244.978748,1.00000000
430029,Frederico Westphalen,2024-12,168.560601,1.00000000
430035,Nonoai,2022-03,215.417486,1.00000000
430019,Santa Rosa,2019-12,107.627295,1.00000000
430024,Cerro Largo,2020-03,46.729930,1.00000000
430023,Três de Maio,2025-12,337.456776,1.00000000
430031,Soledade,2020-03,28.164501,1.00000000
430037,Bento Gonçalves,2021-05,200.259728,1.00000000
430027,Cruz Alta,2019-10,320.763473,1.00000000
430022,São Luiz Gonzaga,2025-03,103.249284,1.00000000
430032,Tapejara - Sananduva,2021-12,16.078011,1.00000000
430013,Cachoeira do Sul,2020-08,77.957562,1.00000000
430027,Cruz Alta,2022-02,118.261051,1.00000000
430024,Cerro Largo,2023-03,133.928800,1.00000000
430016,Santana do Livramento,2025-02,123.502125,1.00000000
430018,Ijuí,2020-01,219.045421,1.00000000
430026,Erechim,2018-12,141.417113,1.00000000
430032,Tapejara - Sananduva,2023-10,459.396661,1.00000000
430043,Encantado,2025-10,151.177951,1.00000000
430006,Charqueadas - Triunfo - São Jerônimo,2023-07,173.287493,1.00000000
430022,São Luiz Gonzaga,2022-04,316.425873,1.00000000
430035,Nonoai,2021-06,224.165243,1.00000000
430005,Camaquã,2022-08,104.934078,1.00000000
430015,Uruguaiana,2020-06,131.724635,1.00000000
430013,Cachoeira do Sul,2022-06,146.126451,1.00000000
430033,Lagoa Vermelha,2023-03,108.600671,1.00000000
430027,Cruz Alta,2023-02,79.019282,1.00000000
430001,Porto Alegre,2024-02,76.539822,1.00000000
430007,Montenegro,2019-07,164.380450,1.00000000
430033,Lagoa Vermelha,2024-01,194.664386,1.00000000
430022,São Luiz Gonzaga,2025-05,348.672403,1.00000000
430011,Santa Maria,2018-06,136.298446,1.00000000
430014,Santiago,2021-10,128.563766,1.00000000
430006,Charqueadas - Triunfo - São Jerônimo,2024-05,375.106929,1.00000000
430007,Montenegro,2019-03,98.972332,1.00000000
430018,Ijuí,2020-02,98.045781,1.00000000
430019,Santa Rosa,2024-02,215.352732,1.00000000
430020,Santo Ângelo,2024-05,353.929309,1.00000000
430019,Santa Rosa,2022-07,77.911185,1.00000000
430025,Passo Fundo,2024-10,196.487377,1.00000000
430027,Cruz Alta,2020-12,124.241165,1.00000000
430034,Palmeira das Missões,2018-12,123.649930,1.00000000
430040,Santa Cruz do Sul,2019-06,49.455947,1.00000000
430010,Bagé,2025-06,133.253286,1.00000000
430036,Caxias do Sul,2020-06,221.249803,1.00000000
430015,Uruguaiana,2025-07,78.944756,1.00000000
430004,Taquara - Parobé - Igrejinha,2025-07,96.600095,1.00000000
430020,Santo Ângelo,2025-06,391.417341,1.00000000
430035,Nonoai,2020-04,143.371070,1.00000000
430006,Charqueadas - Triunfo - São Jerônimo,2018-05,88.003894,1.00000000
430018,Ijuí,2020-10,58.163894,1.00000000
430007,Montenegro,2022-11,67.935814,1.00000000
430017,São Borja,2018-07,49.721285,1.00000000
430028,Carazinho,2019-04,138.908734,1.00000000
430021,Três Passos,2021-10,308.104694,1.00000000
430024,Cerro Largo,2025-01,76.953724,1.00000000
430009,Pelotas,2023-09,446.528447,1.00000000
430029,Frederico Westphalen,2022-05,264.046702,1.00000000
430007,Montenegro,2023-01,70.880943,1.00000000
430023,Três de Maio,2025-06,372.694981,1.00000000
430021,Três Passos,2023-02,110.309354,1.00000000
430026,Erechim,2022-10,311.013502,1.00000000
430020,Santo Ângelo,2022-06,169.904923,1.00000000
430009,Pelotas,2020-01,111.579259,1.00000000
430028,Carazinho,2020-02,79.467820,1.00000000
430005,Camaquã,2022-03,124.350926,1.00000000
430038,Nova Prata - Guaporé,2019-07,96.747953,1.00000000
430024,Cerro Largo,2018-06,85.268415,1.00000000
430034,Palmeira das Missões,2023-08,114.048629,1.00000000
430010,Bagé,2022-11,49.606040,1.00000000
430031,Soledade,2025-11,130.286717,1.00000000
430022,São Luiz Gonzaga,2024-10,217.858281,1.00000000
430025,Passo Fundo,2022-05,289.348675,1.00000000
430004,Taquara - Parobé - Igrejinha,2022-02,74.724135,1.00000000
430013,Cachoeira do Sul,2020-12,80.111997,1.00000000
430018,Ijuí,2023-02,101.366550,1.00000000
430037,Bento Gonçalves,2021-11,45.830375,1.00000000
430034,Palmeira das Missões,2021-04,25.917570,1.00000000
430010,Bagé,2025-04,85.810636,1.00000000
430006,Charqueadas - Triunfo - São Jerônimo,2025-11,91.679217,1.00000000
430028,Carazinho,2019-01,222.061575,1.00000000
430028,Carazinho,2025-11,113.864375,1.00000000
430041,Lajeado,2025-04,70.298514,1.00000000
430027,Cruz Alta,2022-09,71.867930,1.00000000
430031,Soledade,2020-08,134.030886,1.00000000
430028,Carazinho,2020-10,53.879610,1.00000000
430003,Tramandaí - Osório,2020-03,43.902151,1.00000000
430011,Santa Maria,2025-01,56.252345,1.00000000
430016,Santana do Livramento,2023-09,304.216889,1.00000000
430039,Vacaria,2020-12,146.110679,1.00000000
430040,Santa Cruz do Sul,2019-09,94.312106,1.00000000
430033,Lagoa Vermelha,2024-09,145.934473,1.00000000
430035,Nonoai,2021-10,329.903279,1.00000000
430032,Tapejara - Sananduva,2025-05,124.358699,1.00000000
430025,Passo Fundo,2018-10,251.292432,1.00000000
430041,Lajeado,2020-04,54.753500,1.00000000
430035,Nonoai,2018-08,85.091051,1.00000000
430022,São Luiz Gonzaga,2023-03,158.200374,1.00000000
430029,Frederico Westphalen,2024-03,202.039106,1.00000000
430024,Cerro Largo,2025-02,118.072581,1.00000000
430008,Torres,2024-05,399.980984,1.00000000
430041,Lajeado,2021-04,11.740044,1.00000000
430039,Vacaria,2024-09,142.327029,1.00000000
430021,Três Passos,2018-02,67.995470,1.00000000
430018,Ijuí,2023-01,67.377887,1.00000000
430018,Ijuí,2021-06,196.765267,1.00000000
430028,Carazinho,2020-04,76.370018,1.00000000
430014,Santiago,2025-10,123.730669,1.00000000
430009,Pelotas,2023-08,85.011658,1.00000000
430008,Torres,2019-09,80.591637,1.00000000
430042,Sobradinho,2023-10,254.344331,1.00000000
430011,Santa Maria,2024-12,88.804820,1.00000000
430002,Novo Hamburgo - São Leopoldo,2022-02,67.373030,1.00000000
430009,Pelotas,2021-07,81.147737,1.00000000
430029,Frederico Westphalen,2023-03,106.002710,1.00000000
430028,Carazinho,2022-02,151.212102,1.00000000
430030,Marau,2018-05,101.433014,1.00000000
430042,Sobradinho,2020-03,33.114554,1.00000000
430006,Charqueadas - Triunfo - São Jerônimo,2018-07,150.268047,1.00000000
430013,Cachoeira do Sul,2020-09,175.218374,1.00000000
430037,Bento Gonçalves,2018-03,163.014889,1.00000000
430025,Passo Fundo,2018-08,134.005224,1.00000000
430013,Cachoeira do Sul,2019-09,85.549986,1.00000000
430029,Frederico Westphalen,2025-04,148.150171,1.00000000
430023,Três de Maio,2023-08,116.309914,1.00000000
430025,Passo Fundo,2020-02,83.021325,1.00000000
430032,Tapejara - Sananduva,2022-06,274.872827,1.00000000
430043,Encantado,2023-05,203.676995,1.00000000
430009,Pelotas,2024-07,31.875491,1.00000000
430017,São Borja,2024-12,78.561869,1.00000000
430024,Cerro Largo,2025-06,325.626523,1.00000000
430001,Porto Alegre,2024-11,58.808548,1.00000000
430032,Tapejara - Sananduva,2018-02,84.427063,1.00000000
430024,Cerro Largo,2018-12,153.000727,1.00000000
430041,Lajeado,2020-09,165.456498,1.00000000
430020,Santo Ângelo,2021-05,127.273566,1.00000000
430006,Charqueadas - Triunfo - São Jerônimo,2019-08,86.745983,1.00000000
430001,Porto Alegre,2025-12,151.749624,1.00000000
430015,Uruguaiana,2021-12,4.793402,1.00000000
430026,Erechim,2018-10,309.046907,1.00000000
430031,Soledade,2024-10,159.296172,1.00000000
430022,São Luiz Gonzaga,2025-11,123.032875,1.00000000
430008,Torres,2024-07,120.577804,1.00000000
430020,Santo Ângelo,2025-11,138.775811,1.00000000
430032,Tapejara - Sananduva,2025-04,116.039201,1.00000000
430020,Santo Ângelo,2019-09,90.316057,1.00000000
430010,Bagé,2021-05,87.304926,1.00000000
430016,Santana do Livramento,2022-02,135.991080,1.00000000
430002,Novo Hamburgo - São Leopoldo,2021-03,129.778858,1.00000000
430009,Pelotas,2018-04,127.191599,1.00000000
430040,Santa Cruz do Sul,2025-07,114.514749,1.00000000
430007,Montenegro,2018-05,75.906074,1.00000000
430017,São Borja,2021-06,151.338492,1.00000000
430020,Santo Ângelo,2023-01,66.917540,1.00000000
430034,Palmeira das Missões,2021-11,48.944919,1.00000000
430043,Encantado,2021-02,102.647597,1.00000000
430030,Marau,2022-09,72.905987,1.00000000
430039,Vacaria,2021-05,164.004601,1.00000000
430040,Santa Cruz do Sul,2024-10,129.186896,1.00000000
430034,Palmeira das Missões,2020-02,98.647884,1.00000000
430031,Soledade,2021-05,198.449264,1.00000000
430030,Marau,2023-11,512.718012,1.00000000
430002,Novo Hamburgo - São Leopoldo,2024-11,89.306822,1.00000000
430022,São Luiz Gonzaga,2019-07,206.456293,1.00000000
430038,Nova Prata - Guaporé,2019-10,273.152470,1.00000000
430017,São Borja,2022-08,74.670554,1.00000000
430036,Caxias do Sul,2018-07,219.476962,1.00000000
430015,Uruguaiana,2023-10,147.871874,1.00000000
430026,Erechim,2018-08,116.066415,1.00000000
430029,Frederico Westphalen,2021-06,235.416666,1.00000000
430008,Torres,2021-07,52.233663,1.00000000
430001,Porto Alegre,2020-11,49.690395,1.00000000
430008,Torres,2018-09,185.726541,1.00000000
430031,Soledade,2022-12,75.198353,1.00000000
430020,Santo Ângelo,2021-10,210.927787,1.00000000
430004,Taquara - Parobé - Igrejinha,2023-08,88.779290,1.00000000
430021,Três Passos,2023-07,126.482081,1.00000000
430004,Taquara - Parobé - Igrejinha,2018-08,170.610894,1.00000000
430005,Camaquã,2022-01,147.307121,1.00000000
430006,Charqueadas - Triunfo - São Jerônimo,2025-03,52.288128,1.00000000
430024,Cerro Largo,2022-08,94.506935,1.00000000
430026,Erechim,2025-02,154.441091,1.00000000
430016,Santana do Livramento,2023-05,160.172652,1.00000000
430035,Nonoai,2019-11,174.580440,1.00000000
430037,Bento Gonçalves,2025-03,69.597990,1.00000000
430006,Charqueadas - Triunfo - São Jerônimo,2021-07,64.703034,1.00000000
430016,Santana do Livramento,2020-01,106.790405,1.00000000
430003,Tramandaí - Osório,2019-05,252.423204,1.00000000
430027,Cruz Alta,2022-03,208.908978,1.00000000
430009,Pelotas,2023-06,101.082133,1.00000000
430036,Caxias do Sul,2025-09,271.814777,1.00000000
430030,Marau,2025-09,235.651955,1.00000000
430037,Bento Gonçalves,2023-12,178.603895,1.00000000
430009,Pelotas,2024-12,126.920912,1.00000000
430038,Nova Prata - Guaporé,2022-02,122.824159,1.00000000
430020,Santo Ângelo,2019-02,192.744123,1.00000000
430028,Carazinho,2019-12,65.139997,1.00000000
430017,São Borja,2021-11,86.164429,1.00000000
430029,Frederico Westphalen,2021-02,83.732212,1.00000000
430029,Frederico Westphalen,2020-05,274.710004,1.00000000
430004,Taquara - Parobé - Igrejinha,2023-10,,1.00000000
430017,São Borja,2022-11,69.134149,1.00000000
430013,Cachoeira do Sul,2019-10,376.045263,1.00000000
430037,Bento Gonçalves,2018-11,201.851021,1.00000000
430008,Torres,2025-03,65.088693,1.00000000
430037,Bento Gonçalves,2018-07,184.198695,1.00000000
430022,São Luiz Gonzaga,2025-12,284.158026,1.00000000
430013,Cachoeira do Sul,2024-04,420.784094,1.00000000
430009,Pelotas,2021-06,136.911625,1.00000000
430041,Lajeado,2021-01,189.762964,1.00000000
430040,Santa Cruz do Sul,2018-01,117.535706,1.00000000
430039,Vacaria,2022-03,192.104098,1.00000000
430005,Camaquã,2024-02,115.883114,1.00000000
430031,Soledade,2021-03,144.495215,1.00000000
430038,Nova Prata - Guaporé,2019-02,156.236977,1.00000000
430016,Santana do Livramento,2020-05,194.020613,1.00000000
430010,Bagé,2022-02,128.040323,1.00000000
430034,Palmeira das Missões,2024-08,105.500281,1.00000000
430016,Santana do Livramento,2024-08,157.010178,1.00000000
430024,Cerro Largo,2022-04,326.495744,1.00000000
430039,Vacaria,2025-08,152.940265,1.00000000
430011,Santa Maria,2022-10,78.672454,1.00000000
430022,São Luiz Gonzaga,2024-12,134.439172,1.00000000
430043,Encantado,2023-12,172.329986,1.00000000
430024,Cerro Largo,2021-05,76.197378,1.00000000
430024,Cerro Largo,2023-12,244.782357,1.00000000
430026,Erechim,2024-08,113.033994,1.00000000
430029,Frederico Westphalen,2019-04,156.474217,1.00000000
430041,Lajeado,2018-12,119.422236,1.00000000
430043,Encantado,2018-08,168.519150,1.00000000
430030,Marau,2019-06,42.195550,1.00000000
430022,São Luiz Gonzaga,2024-06,104.907515,1.00000000
430024,Cerro Largo,2018-11,277.519770,1.00000000
430032,Tapejara - Sananduva,2018-07,107.396324,1.00000000
430017,São Borja,2021-08,55.763607,1.00000000
430020,Santo Ângelo,2024-02,210.583862,1.00000000
430028,Carazinho,2025-02,144.239110,1.00000000
430008,Torres,2020-12,145.890706,1.00000000
430034,Palmeira das Missões,2022-04,275.935306,1.00000000
430012,São Gabriel - Caçapava do Sul,2025-10,89.343117,1.00000000
430036,Caxias do Sul,2022-02,103.113751,1.00000000
430038,Nova Prata - Guaporé,2023-02,123.256596,1.00000000
430017,São Borja,2020-04,77.148268,1.00000000
430031,Soledade,2019-11,209.690910,1.00000000
430019,Santa Rosa,2018-02,66.953396,1.00000000
430033,Lagoa Vermelha,2019-08,40.906797,1.00000000
430032,Tapejara - Sananduva,2019-10,250.374502,1.00000000
430025,Passo Fundo,2020-04,69.231026,1.00000000
430008,Torres,2019-05,229.046767,1.00000000
430041,Lajeado,2020-03,27.056295,1.00000000
430026,Erechim,2020-07,233.110483,1.00000000
430040,Santa Cruz do Sul,2023-01,56.263912,1.00000000
430042,Sobradinho,2021-06,190.754846,1.00000000
430042,Sobradinho,2024-07,75.762964,1.00000000
430006,Charqueadas - Triunfo - São Jerônimo,2023-08,65.710257,1.00000000
430006,Charqueadas - Triunfo - São Jerônimo,2019-03,78.396304,1.00000000
430021,Três Passos,2019-05,310.153762,1.00000000
430027,Cruz Alta,2025-10,136.644327,1.00000000
430020,Santo Ângelo,2023-11,443.775762,1.00000000
430024,Cerro Largo,2020-07,199.875122,1.00000000
430024,Cerro Largo,2024-10,194.142874,1.00000000
430030,Marau,2024-08,92.772449,1.00000000
430028,Carazinho,2020-03,33.343331,1.00000000
430019,Santa Rosa,2024-05,301.625428,1.00000000
430033,Lagoa Vermelha,2025-06,363.939195,1.00000000
430033,Lagoa Vermelha,2018-05,99.664869,1.00000000
430016,Santana do Livramento,2019-11,148.247634,1.00000000
430033,Lagoa Vermelha,2022-04,256.471067,1.00000000
430032,Tapejara - Sananduva,2025-09,213.065072,1.00000000
430009,Pelotas,2019-06,95.231804,1.00000000
430012,São Gabriel - Caçapava do Sul,2021-11,72.272427,1.00000000
430043,Encantado,2020-08,119.368747,1.00000000
430019,Santa Rosa,2024-06,109.819893,1.00000000
430002,Novo Hamburgo - São Leopoldo,2019-05,228.828449,1.00000000
430005,Camaquã,2025-10,99.201079,1.00000000
430010,Bagé,2018-11,150.183870,1.00000000
430043,Encantado,2021-05,219.656538,1.00000000
430015,Uruguaiana,2024-08,141.157055,1.00000000
430005,Camaquã,2025-05,218.696657,1.00000000
430022,São Luiz Gonzaga,2025-01,84.752023,1.00000000
430002,Novo Hamburgo - São Leopoldo,2022-03,183.966207,1.00000000
430017,São Borja,2025-02,103.241344,1.00000000
430020,Santo Ângelo,2019-05,304.222580,1.00000000
430012,São Gabriel - Caçapava do Sul,2025-04,68.732360,1.00000000
430028,Carazinho,2022-01,103.926683,1.00000000
430026,Erechim,2025-09,207.523334,1.00000000
430038,Nova Prata - Guaporé,2023-11,444.687010,1.00000000
430021,Três Passos,2019-07,128.919385,1.00000000
430039,Vacaria,2022-12,151.974671,1.00000000
430008,Torres,2021-03,123.646257,1.00000000
430031,Soledade,2018-07,166.628734,1.00000000
430023,Três de Maio,2025-11,141.432511,1.00000000
430037,Bento Gonçalves,2025-12,268.330737,1.00000000
430027,Cruz Alta,2020-01,165.979672,1.00000000
430037,Bento Gonçalves,2021-01,221.183158,1.00000000
430011,Santa Maria,2024-11,97.949377,1.00000000
430037,Bento Gonçalves,2020-06,207.034548,1.00000000
430023,Três de Maio,2020-01,275.678469,1.00000000
430002,Novo Hamburgo - São Leopoldo,2023-02,126.335794,1.00000000
430039,Vacaria,2024-01,195.941288,1.00000000
430031,Soledade,2024-01,148.146288,1.00000000
430007,Montenegro,2024-03,72.425290,1.00000000
430002,Novo Hamburgo - São Leopoldo,2021-10,85.456359,1.00000000
430028,Carazinho,2018-02,115.267619,1.00000000
430024,Cerro Largo,2022-05,221.945006,1.00000000
430023,Três de Maio,2019-11,214.748217,1.00000000
430035,Nonoai,2018-12,121.161412,1.00000000
430006,Charqueadas - Triunfo - São Jerônimo,2019-07,197.818518,1.00000000
430035,Nonoai,2024-07,179.660980,1.00000000
430002,Novo Hamburgo - São Leopoldo,2021-12,3.183133,1.00000000
430032,Tapejara - Sananduva,2020-06,200.921194,1.00000000
430023,Três de Maio,2019-02,196.240132,1.00000000
430038,Nova Prata - Guaporé,2018-04,56.172443,1.00000000
430024,Cerro Largo,2019-06,25.658033,1.00000000
430001,Porto Alegre,2021-03,90.026482,1.00000000
430033,Lagoa Vermelha,2022-08,142.505269,1.00000000
430033,Lagoa Vermelha,2018-04,48.166867,1.00000000
430007,Montenegro,2018-06,155.221927,1.00000000
430025,Passo Fundo,2022-03,205.258478,1.00000000
430041,Lajeado,2025-01,53.999682,1.00000000
430008,Torres,2019-03,152.278166,1.00000000
430029,Frederico Westphalen,2020-09,66.554388,1.00000000
430018,Ijuí,2018-07,77.191973,1.00000000
430023,Três de Maio,2022-08,121.804239,1.00000000
430024,Cerro Largo,2018-10,252.927632,1.00000000
430010,Bagé,2021-01,209.198268,1.00000000
430017,São Borja,2022-09,50.090904,1.00000000
430001,Porto Alegre,2020-06,181.218227,1.00000000
430018,Ijuí,2025-11,134.689725,1.00000000
430042,Sobradinho,2020-09,199.922765,1.00000000
430034,Palmeira das Missões,2023-07,141.901110,1.00000000
430012,São Gabriel - Caçapava do Sul,2023-09,544.985139,1.00000000
430017,São Borja,2024-09,100.890876,1.00000000
430008,Torres,2019-10,243.042032,1.00000000
430034,Palmeira das Missões,2018-11,239.137082,1.00000000
430035,Nonoai,2025-08,197.855249,1.00000000
430009,Pelotas,2018-02,62.734599,1.00000000
430002,Novo Hamburgo - São Leopoldo,2023-12,181.614432,1.00000000
430041,Lajeado,2019-07,170.645586,1.00000000
430005,Camaquã,2021-02,121.658287,1.00000000
430006,Charqueadas - Triunfo - São Jerônimo,2024-11,70.751160,1.00000000
430034,Palmeira das Missões,2018-02,81.247833,1.00000000
430039,Vacaria,2025-10,157.402512,1.00000000
430021,Três Passos,2018-05,129.104519,1.00000000
430026,Erechim,2023-04,85.571957,1.00000000
430003,Tramandaí - Osório,2025-07,83.630723,1.00000000
430027,Cruz Alta,2019-08,86.715484,1.00000000
430039,Vacaria,2020-07,386.153099,1.00000000
430030,Marau,2022-02,132.041248,1.00000000
430041,Lajeado,2020-05,271.719035,1.00000000
430021,Três Passos,2024-03,193.763656,1.00000000
430003,Tramandaí - Osório,2022-07,120.306466,1.00000000
430002,Novo Hamburgo - São Leopoldo,2019-07,140.578506,1.00000000
430010,Bagé,2019-08,120.678493,1.00000000
430002,Novo Hamburgo - São Leopoldo,2025-12,204.777890,1.00000000
430039,Vacaria,2020-11,124.535915,1.00000000
430030,Marau,2019-03,123.075533,1.00000000
430012,São Gabriel - Caçapava do Sul,2021-09,205.751853,1.00000000
430007,Montenegro,2024-12,168.417476,1.00000000
430029,Frederico Westphalen,2024-09,124.549317,1.00000000
430042,Sobradinho,2025-08,218.441815,1.00000000
430030,Marau,2023-08,93.079377,1.00000000
430002,Novo Hamburgo - São Leopoldo,2021-04,17.118775,1.00000000
430026,Erechim,2019-09,53.364680,1.00000000
430012,São Gabriel - Caçapava do Sul,2025-07,128.637769,1.00000000
430015,Uruguaiana,2023-11,124.339895,1.00000000
430025,Passo Fundo,2023-09,435.344720,1.00000000
430033,Lagoa Vermelha,2023-09,313.915346,1.00000000
430037,Bento Gonçalves,2021-10,113.220906,1.00000000
430039,Vacaria,2021-11,78.377663,1.00000000
430011,Santa Maria,2025-04,79.478200,1.00000000
430033,Lagoa Vermelha,2021-08,48.565708,1.00000000
430042,Sobradinho,2018-10,154.010582,1.00000000
430005,Camaquã,2018-11,,1.00000000
430038,Nova Prata - Guaporé,2022-04,216.832239,1.00000000
430026,Erechim,2020-10,32.189058,1.00000000
430036,Caxias do Sul,2021-08,121.096687,1.00000000
430018,Ijuí,2022-02,115.969745,1.00000000
430038,Nova Prata - Guaporé,2018-03,165.620905,1.00000000
430022,São Luiz Gonzaga,2022-11,61.659108,1.00000000
430023,Três de Maio,2024-07,85.659541,1.00000000
430011,Santa Maria,2024-05,349.857920,1.00000000
430005,Camaquã,2021-03,121.419768,1.00000000
430032,Tapejara - Sananduva,2019-07,86.583340,1.00000000
430028,Carazinho,2022-06,232.034744,1.00000000
430012,São Gabriel - Caçapava do Sul,2024-03,183.363651,1.00000000
430020,Santo Ângelo,2022-04,345.833885,1.00000000
430018,Ijuí,2024-08,113.436931,1.00000000
430032,Tapejara - Sananduva,2022-11,65.181167,1.00000000
430040,Santa Cruz do Sul,2025-04,82.679292,1.00000000
430006,Charqueadas - Triunfo - São Jerônimo,2024-04,329.100435,1.00000000
430001,Porto Alegre,2019-11,92.231722,1.00000000
430018,Ijuí,2023-03,152.268574,1.00000000
430031,Soledade,2018-08,136.196244,1.00000000
430021,Três Passos,2025-03,116.386685,1.00000000
430014,Santiago,2025-09,314.387200,1.00000000
430008,Torres,2022-04,132.175499,1.00000000
430009,Pelotas,2020-04,113.527818,1.00000000
430040,Santa Cruz do Sul,2020-06,163.504984,1.00000000
430021,Três Passos,2021-05,74.932650,1.00000000
430011,Santa Maria,2020-12,94.037065,1.00000000
430033,Lagoa Vermelha,2018-12,158.831265,1.00000000
430035,Nonoai,2024-06,118.736414,1.00000000
430007,Montenegro,2020-01,168.758801,1.00000000
430038,Nova Prata - Guaporé,2019-12,66.417547,1.00000000
430029,Frederico Westphalen,2019-12,118.913167,1.00000000
430004,Taquara - Parobé - Igrejinha,2019-06,56.730984,1.00000000
430040,Santa Cruz do Sul,2023-07,173.877981,1.00000000
430016,Santana do Livramento,2024-04,350.241752,1.00000000
430030,Marau,2025-12,226.120204,1.00000000
430014,Santiago,2021-02,102.770164,1.00000000
430035,Nonoai,2021-02,75.055859,1.00000000
430041,Lajeado,2025-05,190.160066,1.00000000
430011,Santa Maria,2022-02,130.293810,1.00000000
430023,Três de Maio,2025-10,184.403477,1.00000000
430019,Santa Rosa,2018-12,143.432138,1.00000000
430001,Porto Alegre,2025-11,94.962705,1.00000000
430021,Três Passos,2021-12,25.263689,1.00000000
430034,Palmeira das Missões,2018-07,58.873027,1.00000000
430028,Carazinho,2020-09,71.848256,1.00000000
430011,Santa Maria,2025-03,95.000938,1.00000000
430007,Montenegro,2021-11,60.182693,1.00000000
430042,Sobradinho,2018-08,150.604191,1.00000000
430008,Torres,2023-09,386.500299,1.00000000
430022,São Luiz Gonzaga,2024-02,205.748191,1.00000000
430032,Tapejara - Sananduva,2020-05,178.570661,1.00000000
430011,Santa Maria,2024-10,146.396621,1.00000000
430008,Torres,2025-07,72.274767,1.00000000
430017,São Borja,2024-03,239.068077,1.00000000
430026,Erechim,2022-04,272.673968,1.00000000
430026,Erechim,2024-01,167.529180,1.00000000
430043,Encantado,2022-05,274.048474,1.00000000
430034,Palmeira das Missões,2020-08,140.159449,1.00000000
430018,Ijuí,2020-12,146.313666,1.00000000
430014,Santiago,2024-09,145.598058,1.00000000
430006,Charqueadas - Triunfo - São Jerônimo,2025-02,134.480210,1.00000000
430035,Nonoai,2022-09,117.320171,1.00000000
430001,Porto Alegre,2020-02,106.517808,1.00000000
430005,Camaquã,2024-08,128.668108,1.00000000
430043,Encantado,2024-03,119.751027,1.00000000
430031,Soledade,2019-10,333.191284,1.00000000
430028,Carazinho,2025-09,204.735173,1.00000000
430026,Erechim,2019-08,48.539219,1.00000000
430021,Três Passos,2025-12,301.475119,1.00000000
430003,Tramandaí - Osório,2018-05,87.630904,1.00000000
430002,Novo Hamburgo - São Leopoldo,2023-11,326.109351,1.00000000
430029,Frederico Westphalen,2023-06,155.601083,1.00000000
430035,Nonoai,2023-10,575.185924,1.00000000
430019,Santa Rosa,2021-01,264.913532,1.00000000
430005,Camaquã,2025-06,280.692060,1.00000000
430037,Bento Gonçalves,2023-07,175.044027,1.00000000
430027,Cruz Alta,2022-01,77.717860,1.00000000
430003,Tramandaí - Osório,2023-03,170.671041,1.00000000
430015,Uruguaiana,2019-01,549.433954,1.00000000
430009,Pelotas,2019-02,85.798443,1.00000000
430021,Três Passos,2019-04,156.430488,1.00000000
430033,Lagoa Vermelha,2018-03,160.440800,1.00000000
430004,Taquara - Parobé - Igrejinha,2023-01,90.492940,1.00000000
430043,Encantado,2020-06,211.780614,1.00000000
430001,Porto Alegre,2023-12,122.870093,1.00000000
430032,Tapejara - Sananduva,2019-12,75.756373,1.00000000
430030,Marau,2023-03,129.119170,1.00000000
430007,Montenegro,2023-10,171.920079,1.00000000
430039,Vacaria,2019-06,54.252564,1.00000000
430035,Nonoai,2019-04,164.852466,1.00000000
430001,Porto Alegre,2024-01,121.543690,1.00000000
430006,Charqueadas - Triunfo - São Jerônimo,2024-09,207.535742,1.00000000
430034,Palmeira das Missões,2021-05,136.265817,1.00000000
430023,Três de Maio,2023-05,176.203328,1.00000000
430004,Taquara - Parobé - Igrejinha,2022-03,188.638821,1.00000000
430028,Carazinho,2020-05,215.250608,1.00000000
430031,Soledade,2021-10,143.280870,1.00000000
430034,Palmeira das Missões,2022-03,256.238819,1.00000000
430029,Frederico Westphalen,2025-10,200.305153,1.00000000
430031,Soledade,2024-02,170.730900,1.00000000
430039,Vacaria,2024-06,171.963994,1.00000000
430004,Taquara - Parobé - Igrejinha,2024-03,92.418485,1.00000000
430011,Santa Maria,2022-09,65.590297,1.00000000
430005,Camaquã,2020-06,180.883590,1.00000000
430040,Santa Cruz do Sul,2020-10,71.495328,1.00000000
430027,Cruz Alta,2023-03,143.391697,1.00000000
430007,Montenegro,2022-02,63.788968,1.00000000
430022,São Luiz Gonzaga,2021-06,183.008120,1.00000000
430041,Lajeado,2018-10,161.122113,1.00000000
430037,Bento Gonçalves,2025-10,168.537181,1.00000000
430037,Bento Gonçalves,2024-09,132.772425,1.00000000
430010,Bagé,2020-08,63.532665,1.00000000
430027,Cruz Alta,2022-06,200.741887,1.00000000
430041,Lajeado,2019-09,,1.00000000
430022,São Luiz Gonzaga,2023-05,203.802711,1.00000000
430004,Taquara - Parobé - Igrejinha,2021-07,53.773776,1.00000000
430001,Porto Alegre,2022-06,109.957924,1.00000000
430006,Charqueadas - Triunfo - São Jerônimo,2023-02,95.844456,1.00000000
430037,Bento Gonçalves,2018-10,209.016602,1.00000000
430021,Três Passos,2024-05,310.849183,1.00000000
430017,São Borja,2021-10,118.735401,1.00000000
430033,Lagoa Vermelha,2023-02,102.194500,1.00000000
430034,Palmeira das Missões,2023-09,362.634275,1.00000000
430021,Três Passos,2019-12,104.440552,1.00000000
430030,Marau,2019-07,105.303597,1.00000000
430011,Santa Maria,2021-09,216.256774,1.00000000
430026,Erechim,2023-02,99.740360,1.00000000
430033,Lagoa Vermelha,2022-05,310.557299,1.00000000
430026,Erechim,2018-11,214.105391,1.00000000
430018,Ijuí,2024-09,154.054495,1.00000000
430011,Santa Maria,2022-07,184.521088,1.00000000
430041,Lajeado,2022-12,77.467736,1.00000000
430010,Bagé,2022-01,98.055961,1.00000000
430027,Cruz Alta,2021-11,40.321626,1.00000000
430008,Torres,2019-06,54.979270,1.00000000
430036,Caxias do Sul,2022-12,118.469542,1.00000000
430041,Lajeado,2019-03,116.919149,1.00000000
430017,São Borja,2023-04,58.828214,1.00000000
430027,Cruz Alta,2021-06,187.250529,1.00000000
430021,Três Passos,2024-01,173.734102,1.00000000
430027,Cruz Alta,2021-04,56.600375,1.00000000
430035,Nonoai,2022-08,159.805208,1.00000000
430017,São Borja,2023-02,53.475001,1.00000000
430019,Santa Rosa,2018-07,51.331868,1.00000000
430038,Nova Prata - Guaporé,2021-12,31.578718,1.00000000
430038,Nova Prata - Guaporé,2024-04,314.179188,1.00000000
430036,Caxias do Sul,2024-08,87.040955,1.00000000
430010,Bagé,2018-10,,1.00000000
430020,Santo Ângelo,2018-07,73.021362,1.00000000
430018,Ijuí,2019-01,242.256172,1.00000000
430023,Três de Maio,2025-03,109.017820,1.00000000
430014,Santiago,2025-06,376.581618,1.00000000
430043,Encantado,2020-01,199.538195,1.00000000
430041,Lajeado,2022-06,160.824077,1.00000000
430041,Lajeado,2022-03,146.435557,1.00000000
430017,São Borja,2019-06,20.372196,1.00000000
430002,Novo Hamburgo - São Leopoldo,2024-01,174.608136,1.00000000
430001,Porto Alegre,2021-01,107.343182,1.00000000
430043,Encantado,2018-10,193.486430,1.00000000
430040,Santa Cruz do Sul,2019-03,102.477495,1.00000000
430027,Cruz Alta,2023-06,117.305613,1.00000000
430004,Taquara - Parobé - Igrejinha,2022-06,178.221866,1.00000000
430003,Tramandaí - Osório,2025-10,197.528004,1.00000000
430020,Santo Ângelo,2019-12,78.028169,1.00000000
430007,Montenegro,2018-02,76.051972,1.00000000
430006,Charqueadas - Triunfo - São Jerônimo,2022-08,89.555488,1.00000000
430004,Taquara - Parobé - Igrejinha,2021-12,2.877021,1.00000000
430043,Encantado,2020-09,149.177924,1.00000000
430043,Encantado,2019-06,51.563272,1.00000000
430017,São Borja,2023-08,66.550956,1.00000000
430030,Marau,2022-08,129.702627,1.00000000
430034,Palmeira das Missões,2025-02,145.001711,1.00000000
430014,Santiago,2018-02,76.234191,1.00000000
430001,Porto Alegre,2021-02,67.253388,1.00000000
430003,Tramandaí - Osório,2021-06,151.556680,1.00000000
430038,Nova Prata - Guaporé,2021-04,9.813076,1.00000000
430038,Nova Prata - Guaporé,2025-07,90.487883,1.00000000
430035,Nonoai,2023-02,113.457740,1.00000000
430001,Porto Alegre,2023-06,129.237427,1.00000000
430023,Três de Maio,2023-12,256.714123,1.00000000
430003,Tramandaí - Osório,2023-02,131.982496,1.00000000
430039,Vacaria,2019-08,45.472015,1.00000000
430026,Erechim,2018-06,141.585074,1.00000000
430006,Charqueadas - Triunfo - São Jerônimo,2019-05,221.096997,1.00000000
430031,Soledade,2025-12,261.613935,1.00000000
430008,Torres,2025-10,205.221730,1.00000000
430028,Carazinho,2025-08,142.051637,1.00000000
430010,Bagé,2025-03,65.257317,1.00000000
430005,Camaquã,2020-09,217.958295,1.00000000
430041,Lajeado,2021-07,53.419279,1.00000000
430036,Caxias do Sul,2025-08,165.384092,1.00000000
430031,Soledade,2025-04,87.451661,1.00000000
430029,Frederico Westphalen,2024-06,123.434776,1.00000000
430042,Sobradinho,2023-07,181.927493,1.00000000
430040,Santa Cruz do Sul,2022-04,199.249460,1.00000000
430001,Porto Alegre,2024-10,73.944556,1.00000000
430007,Montenegro,2018-11,168.975338,1.00000000
430043,Encantado,2025-02,145.348930,1.00000000
430008,Torres,2021-06,169.211121,1.00000000
430038,Nova Prata - Guaporé,2022-06,218.017146,1.00000000
430043,Encantado,2023-07,161.408225,1.00000000
430031,Soledade,2019-06,47.947858,1.00000000
430003,Tramandaí - Osório,2025-05,132.500539,1.00000000
430007,Montenegro,2021-09,198.971290,1.00000000
430008,Torres,2020-04,66.141566,1.00000000
430039,Vacaria,2023-08,84.612776,1.00000000
430042,Sobradinho,2022-11,58.318625,1.00000000
430026,Erechim,2021-02,62.633075,1.00000000
430003,Tramandaí - Osório,2019-11,114.395925,1.00000000
430027,Cruz Alta,2018-09,209.212959,1.00000000
430026,Erechim,2023-09,258.860973,1.00000000
430040,Santa Cruz do Sul,2025-09,262.692568,1.00000000
430035,Nonoai,2025-05,125.914172,1.00000000
430030,Marau,2020-03,22.464570,1.00000000
430001,Porto Alegre,2025-07,97.525888,1.00000000
430008,Torres,2018-11,87.169179,1.00000000
430031,Soledade,2023-02,91.548991,1.00000000
430028,Carazinho,2022-04,279.735895,1.00000000
430036,Caxias do Sul,2024-09,154.368616,1.00000000
430034,Palmeira das Missões,2023-12,275.377682,1.00000000
430023,Três de Maio,2023-01,84.591076,1.00000000
430039,Vacaria,2020-06,190.174901,1.00000000
430008,Torres,2021-08,93.314484,1.00000000
430023,Três de Maio,2020-07,213.658714,1.00000000
430033,Lagoa Vermelha,2020-09,81.254004,1.00000000
430006,Charqueadas - Triunfo - São Jerônimo,2022-04,159.272173,1.00000000
430012,São Gabriel - Caçapava do Sul,2023-03,97.680345,1.00000000
430013,Cachoeira do Sul,2023-12,181.770573,1.00000000
430010,Bagé,2023-09,452.407331,1.00000000
430027,Cruz Alta,2018-05,130.257995,1.00000000
430018,Ijuí,2025-12,318.559303,1.00000000
430027,Cruz Alta,2023-09,459.027574,1.00000000
430006,Charqueadas - Triunfo - São Jerônimo,2022-03,123.958239,1.00000000
430015,Uruguaiana,2023-03,178.727876,1.00000000
430032,Tapejara - Sananduva,2022-04,274.195173,1.00000000
430027,Cruz Alta,2022-11,45.349228,1.00000000
430005,Camaquã,2019-05,215.170649,1.00000000
430029,Frederico Westphalen,2022-02,140.381971,1.00000000
430033,Lagoa Vermelha,2023-07,180.237384,1.00000000
430041,Lajeado,2018-04,75.964108,1.00000000
430001,Porto Alegre,2022-07,132.275630,1.00000000
430006,Charqueadas - Triunfo - São Jerônimo,2019-06,50.510467,1.00000000
430030,Marau,2021-12,34.445716,1.00000000
430018,Ijuí,2024-02,180.990675,1.00000000
430026,Erechim,2019-12,102.233425,1.00000000
430029,Frederico Westphalen,2019-09,63.198339,1.00000000
430009,Pelotas,2024-09,306.175294,1.00000000
430029,Frederico Westphalen,2024-04,224.804653,1.00000000
430013,Cachoeira do Sul,2022-10,74.503507,1.00000000
430018,Ijuí,2022-12,86.580475,1.00000000
430003,Tramandaí - Osório,2021-11,73.797594,1.00000000
430001,Porto Alegre,2021-09,182.417416,1.00000000
430006,Charqueadas - Triunfo - São Jerônimo,2024-01,107.045339,1.00000000
430043,Encantado,2022-10,103.044823,1.00000000
430005,Camaquã,2019-08,138.342249,1.00000000
430016,Santana do Livramento,2024-06,94.599472,1.00000000
430004,Taquara - Parobé - Igrejinha,2019-04,178.196743,1.00000000
430034,Palmeira das Missões,2019-05,321.538502,1.00000000
430035,Nonoai,2021-07,61.853576,1.00000000
430035,Nonoai,2021-05,75.196875,1.00000000
430010,Bagé,2018-04,,1.00000000
430031,Soledade,2025-08,163.031612,1.00000000
430024,Cerro Largo,2021-07,44.227743,1.00000000
430043,Encantado,2019-02,135.155182,1.00000000
430005,Camaquã,2018-08,145.717905,1.00000000
430030,Marau,2021-07,58.317284,1.00000000
430013,Cachoeira do Sul,2022-05,112.320746,1.00000000
430017,São Borja,2025-04,60.038339,1.00000000
430035,Nonoai,2025-11,112.723898,1.00000000
430020,Santo Ângelo,2024-11,97.675479,1.00000000
430013,Cachoeira do Sul,2025-04,81.647199,1.00000000
430037,Bento Gonçalves,2018-05,109.657881,1.00000000
430006,Charqueadas - Triunfo - São Jerônimo,2023-04,39.186520,1.00000000
430024,Cerro Largo,2021-04,62.448939,1.00000000
430016,Santana do Livramento,2025-01,46.828368,1.00000000
430042,Sobradinho,2021-05,235.344250,1.00000000
430001,Porto Alegre,2023-05,134.253179,1.00000000
430012,São Gabriel - Caçapava do Sul,2021-10,77.239281,1.00000000
430009,Pelotas,2022-01,135.120835,1.00000000
430040,Santa Cruz do Sul,2020-09,186.659589,1.00000000
430037,Bento Gonçalves,2024-02,165.733258,1.00000000
430003,Tramandaí - Osório,2021-08,117.078285,1.00000000
430010,Bagé,2024-12,109.447816,1.00000000
430043,Encantado,2018-11,223.414538,1.00000000
430037,Bento Gonçalves,2019-03,107.916356,1.00000000
430028,Carazinho,2018-11,247.813200,1.00000000
430021,Três Passos,2025-06,361.004871,1.00000000
430019,Santa Rosa,2023-09,341.164895,1.00000000
430030,Marau,2022-05,303.124277,1.00000000
430007,Montenegro,2024-05,374.128292,1.00000000
430039,Vacaria,2024-04,218.772948,1.00000000
430005,Camaquã,2023-05,186.239822,1.00000000
430029,Frederico Westphalen,2021-08,50.970506,1.00000000
430020,Santo Ângelo,2021-06,195.072805,1.00000000
430012,São Gabriel - Caçapava do Sul,2021-05,139.641892,1.00000000
430011,Santa Maria,2019-03,143.366465,1.00000000
430027,Cruz Alta,2024-07,59.590992,1.00000000
430010,Bagé,2020-09,128.155037,1.00000000
430035,Nonoai,2020-10,35.825778,1.00000000
430036,Caxias do Sul,2022-07,138.881809,1.00000000
430017,São Borja,2024-02,148.479388,1.00000000
430033,Lagoa Vermelha,2025-09,222.633972,1.00000000
430021,Três Passos,2024-06,129.693612,1.00000000
430012,São Gabriel - Caçapava do Sul,2025-08,188.780411,1.00000000
430016,Santana do Livramento,2024-11,105.709882,1.00000000
430031,Soledade,2022-09,77.018895,1.00000000
430040,Santa Cruz do Sul,2021-03,125.823538,1.00000000
430021,Três Passos,2023-06,121.784662,1.00000000
430016,Santana do Livramento,2018-10,89.397554,1.00000000
430030,Marau,2021-04,12.900934,1.00000000
430038,Nova Prata - Guaporé,2021-11,33.161278,1.00000000
430003,Tramandaí - Osório,2019-08,48.796053,1.00000000
430031,Soledade,2024-06,259.843474,1.00000000
430013,Cachoeira do Sul,2023-04,63.703891,1.00000000
430016,Santana do Livramento,2019-09,57.445757,1.00000000
430027,Cruz Alta,2020-10,47.870517,1.00000000
430023,Três de Maio,2018-10,289.403300,1.00000000
430029,Frederico Westphalen,2022-09,114.183497,1.00000000
430036,Caxias do Sul,2019-07,91.255918,1.00000000
430038,Nova Prata - Guaporé,2024-09,149.828315,1.00000000
430011,Santa Maria,2020-02,70.863933,1.00000000
430029,Frederico Westphalen,2018-07,40.787578,1.00000000
430007,Montenegro,2023-08,71.657959,1.00000000
430032,Tapejara - Sananduva,2018-08,135.954140,1.00000000
430007,Montenegro,2021-03,134.067771,1.00000000
430009,Pelotas,2018-09,225.884677,1.00000000
430019,Santa Rosa,2023-01,83.666554,1.00000000
430010,Bagé,2021-09,202.436041,1.00000000
430010,Bagé,2018-05,152.913914,1.00000000
430043,Encantado,2019-05,226.673377,1.00000000
430035,Nonoai,2024-01,159.516001,1.00000000
430019,Santa Rosa,2022-09,74.048096,1.00000000
430039,Vacaria,2024-10,193.376575,1.00000000
430027,Cruz Alta,2022-12,66.332137,1.00000000
430025,Passo Fundo,2023-12,217.872830,1.00000000
430042,Sobradinho,2019-05,241.138502,1.00000000
430036,Caxias do Sul,2023-09,408.556553,1.00000000
430034,Palmeira das Missões,2020-07,266.150603,1.00000000
430028,Carazinho,2023-09,431.055153,1.00000000
430010,Bagé,2021-03,123.301855,1.00000000
430036,Caxias do Sul,2018-12,149.488432,1.00000000
430011,Santa Maria,2022-03,167.930240,1.00000000
430013,Cachoeira do Sul,2025-10,99.866855,1.00000000
430005,Camaquã,2025-02,143.025313,1.00000000
430007,Montenegro,2019-01,145.217948,1.00000000
430010,Bagé,2019-07,203.690953,1.00000000
430033,Lagoa Vermelha,2024-11,105.813568,1.00000000
430007,Montenegro,2022-09,68.809969,1.00000000
430005,Camaquã,2018-12,94.722254,1.00000000
430017,São Borja,2021-12,14.775259,1.00000000
430013,Cachoeira do Sul,2021-01,,1.00000000
430042,Sobradinho,2025-03,95.697346,1.00000000
430013,Cachoeira do Sul,2018-07,149.143116,1.00000000
430029,Frederico Westphalen,2022-06,189.396640,1.00000000
430030,Marau,2022-03,210.468362,1.00000000
430005,Camaquã,2019-06,57.562261,1.00000000
430023,Três de Maio,2021-04,59.957855,1.00000000
430032,Tapejara - Sananduva,2020-01,200.706417,1.00000000
430038,Nova Prata - Guaporé,2024-01,185.491003,1.00000000
430008,Torres,2018-05,83.204713,1.00000000
430015,Uruguaiana,2024-10,119.644003,1.00000000
430005,Camaquã,2025-08,229.783334,1.00000000
430010,Bagé,2024-01,97.299649,1.00000000
430005,Camaquã,2025-03,50.687011,1.00000000
430008,Torres,2023-08,88.278584,1.00000000
430023,Três de Maio,2021-11,73.792244,1.00000000
430028,Carazinho,2020-06,220.404171,1.00000000
430019,Santa Rosa,2020-11,127.005754,1.00000000
430003,Tramandaí - Osório,2020-08,106.401079,1.00000000
430016,Santana do Livramento,2023-12,263.555697,1.00000000
430027,Cruz Alta,2024-04,349.171421,1.00000000
430005,Camaquã,2025-12,165.100418,1.00000000
430008,Torres,2024-09,126.167917,1.00000000
430039,Vacaria,2020-08,115.262297,1.00000000
430039,Vacaria,2024-11,103.137601,1.00000000
430019,Santa Rosa,2022-01,78.767244,1.00000000
430009,Pelotas,2025-05,134.036077,1.00000000
430008,Torres,2023-11,405.868599,1.00000000
430036,Caxias do Sul,2024-10,160.745069,1.00000000
430016,Santana do Livramento,2020-12,99.416909,1.00000000
430016,Santana do Livramento,2024-09,175.751195,1.00000000
430021,Três Passos,2021-08,44.287434,1.00000000
430033,Lagoa Vermelha,2020-07,356.577739,1.00000000
430019,Santa Rosa,2023-06,60.024413,1.00000000
430022,São Luiz Gonzaga,2024-08,135.617208,1.00000000
430036,Caxias do Sul,2022-03,225.052603,1.00000000
430040,Santa Cruz do Sul,2021-04,15.159129,1.00000000
430026,Erechim,2018-02,85.038352,1.00000000
430020,Santo Ângelo,2022-08,114.101170,1.00000000
430034,Palmeira das Missões,2025-04,123.229878,1.00000000
430018,Ijuí,2022-10,172.216906,1.00000000
430031,Soledade,2018-04,84.253927,1.00000000
430022,São Luiz Gonzaga,2019-09,67.020493,1.00000000
430016,Santana do Livramento,2024-01,149.186100,1.00000000
430037,Bento Gonçalves,2021-08,128.537035,1.00000000
430010,Bagé,2021-12,0.057221,1.00000000
430039,Vacaria,2024-05,484.487931,1.00000000
430013,Cachoeira do Sul,2019-07,215.720731,1.00000000
430031,Soledade,2025-03,97.342280,1.00000000
430001,Porto Alegre,2019-06,55.882728,1.00000000
430033,Lagoa Vermelha,2022-06,272.195525,1.00000000
430002,Novo Hamburgo - São Leopoldo,2023-07,156.337516,1.00000000
430007,Montenegro,2019-12,43.287855,1.00000000
430025,Passo Fundo,2021-05,166.121221,1.00000000
430012,São Gabriel - Caçapava do Sul,2024-08,207.935687,1.00000000
430012,São Gabriel - Caçapava do Sul,2018-12,170.982890,1.00000000
430015,Uruguaiana,2024-12,66.488959,1.00000000
430030,Marau,2023-02,105.764529,1.00000000
430003,Tramandaí - Osório,2022-01,166.117769,1.00000000
430035,Nonoai,2018-06,133.825577,1.00000000
430006,Charqueadas - Triunfo - São Jerônimo,2022-09,65.156471,1.00000000
430033,Lagoa Vermelha,2020-11,95.532606,1.00000000
430001,Porto Alegre,2025-02,122.546481,1.00000000
430033,Lagoa Vermelha,2021-01,247.435060,1.00000000
430027,Cruz Alta,2018-11,276.739464,1.00000000
430040,Santa Cruz do Sul,2021-10,76.820912,1.00000000
430021,Três Passos,2018-09,172.314542,1.00000000
430009,Pelotas,2022-04,168.866690,1.00000000
430001,Porto Alegre,2020-07,204.938314,1.00000000
430023,Três de Maio,2022-05,291.717754,1.00000000
430015,Uruguaiana,2025-12,157.121656,1.00000000
430027,Cruz Alta,2025-05,303.638738,1.00000000
430030,Marau,2020-04,60.862263,1.00000000
430019,Santa Rosa,2024-12,173.440727,1.00000000
430018,Ijuí,2019-08,,1.00000000
430041,Lajeado,2024-05,474.227539,1.00000000
430031,Soledade,2024-08,80.464206,1.00000000
430017,São Borja,2020-12,129.261358,1.00000000
430031,Soledade,2024-05,624.855951,1.00000000
430037,Bento Gonçalves,2019-12,59.307575,1.00000000
430033,Lagoa Vermelha,2025-04,117.062537,1.00000000
430018,Ijuí,2024-07,77.468561,1.00000000
430034,Palmeira das Missões,2020-10,48.147172,1.00000000
430032,Tapejara - Sananduva,2019-08,43.147690,1.00000000
430017,São Borja,2024-05,149.082971,1.00000000
430034,Palmeira das Missões,2025-08,153.118778,1.00000000
430028,Carazinho,2021-08,85.540934,1.00000000
430003,Tramandaí - Osório,2021-02,94.157288,1.00000000
430012,São Gabriel - Caçapava do Sul,2020-11,65.482262,1.00000000
430010,Bagé,2020-12,83.804802,1.00000000
430019,Santa Rosa,2019-03,202.940625,1.00000000
430012,São Gabriel - Caçapava do Sul,2023-06,80.631584,1.00000000
430010,Bagé,2021-02,177.050440,1.00000000
430024,Cerro Largo,2021-09,115.265048,1.00000000
430022,São Luiz Gonzaga,2023-02,64.515592,1.00000000
430033,Lagoa Vermelha,2022-12,127.974522,1.00000000
430008,Torres,2022-01,185.391916,1.00000000
430023,Três de Maio,2020-04,148.891444,1.00000000
430012,São Gabriel - Caçapava do Sul,2018-07,144.692141,1.00000000
430028,Carazinho,2023-04,65.101429,1.00000000
430039,Vacaria,2023-05,145.927246,1.00000000
430025,Passo Fundo,2019-10,293.439306,1.00000000
430006,Charqueadas - Triunfo - São Jerônimo,2021-08,141.409753,1.00000000
430010,Bagé,2020-07,73.327222,1.00000000
430021,Três Passos,2018-04,28.035234,1.00000000
430028,Carazinho,2019-08,70.789327,1.00000000
430017,São Borja,2020-08,42.535836,1.00000000
430006,Charqueadas - Triunfo - São Jerônimo,2022-02,77.499528,1.00000000
430019,Santa Rosa,2020-12,148.477085,1.00000000
430027,Cruz Alta,2024-12,109.456877,1.00000000
430041,Lajeado,2025-02,166.713552,1.00000000
430009,Pelotas,2022-03,101.119438,1.00000000
430004,Taquara - Parobé - Igrejinha,2019-02,125.507939,1.00000000
430003,Tramandaí - Osório,2024-12,171.752707,1.00000000
430033,Lagoa Vermelha,2019-12,84.814366,1.00000000
430030,Marau,2021-02,97.089444,1.00000000
430013,Cachoeira do Sul,2025-02,148.419794,1.00000000
430033,Lagoa Vermelha,2021-04,7.651744,1.00000000
430016,Santana do Livramento,2024-10,150.388723,1.00000000
430014,Santiago,2022-06,187.584448,1.00000000
430013,Cachoeira do Sul,2025-08,231.377576,1.00000000
430015,Uruguaiana,2022-02,108.745232,1.00000000
430029,Frederico Westphalen,2018-11,231.167298,1.00000000
430014,Santiago,2025-12,241.550864,1.00000000
430019,Santa Rosa,2021-12,23.007722,1.00000000
430043,Encantado,2022-07,146.354113,1.00000000
430025,Passo Fundo,2019-12,68.137292,1.00000000
430010,Bagé,2025-09,191.004734,1.00000000
430021,Três Passos,2025-09,212.591633,1.00000000
430022,São Luiz Gonzaga,2025-07,121.090315,1.00000000
430043,Encantado,2020-05,246.212362,1.00000000
430003,Tramandaí - Osório,2019-12,50.688922,1.00000000
430006,Charqueadas - Triunfo - São Jerônimo,2024-03,95.961953,1.00000000
430041,Lajeado,2019-05,201.969482,1.00000000
430008,Torres,2018-03,177.048198,1.00000000
430014,Santiago,2024-02,201.994254,1.00000000
430025,Passo Fundo,2022-06,244.708684,1.00000000
430021,Três Passos,2019-08,52.917208,1.00000000
430009,Pelotas,2019-08,148.428764,1.00000000
430017,São Borja,2020-03,57.860153,1.00000000
430021,Três Passos,2019-09,66.803321,1.00000000
430001,Porto Alegre,2022-11,52.153091,1.00000000
430024,Cerro Largo,2018-01,277.862133,1.00000000
430017,São Borja,2022-03,138.047352,1.00000000
430012,São Gabriel - Caçapava do Sul,2018-05,126.971773,1.00000000
430005,Camaquã,2018-01,72.701193,1.00000000
430030,Marau,2018-03,167.226442,1.00000000
430034,Palmeira das Missões,2023-03,114.069266,1.00000000
430036,Caxias do Sul,2018-11,170.126201,1.00000000
430014,Santiago,2018-04,118.267781,1.00000000
430035,Nonoai,2022-06,215.594769,1.00000000
430017,São Borja,2020-10,93.740924,1.00000000
430037,Bento Gonçalves,2021-12,18.818397,1.00000000
430027,Cruz Alta,2025-08,162.362995,1.00000000
430005,Camaquã,2019-09,119.900122,1.00000000
430034,Palmeira das Missões,2023-01,74.346341,1.00000000
430002,Novo Hamburgo - São Leopoldo,2024-03,73.929651,1.00000000
430019,Santa Rosa,2024-11,102.369526,1.00000000
430039,Vacaria,2024-03,110.976077,1.00000000
430007,Montenegro,2023-07,155.279353,1.00000000
430028,Carazinho,2025-06,385.546280,1.00000000
430012,São Gabriel - Caçapava do Sul,2019-10,349.563200,1.00000000
430013,Cachoeira do Sul,2022-12,30.020176,1.00000000
430014,Santiago,2019-12,78.583833,1.00000000
430030,Marau,2025-05,182.403328,1.00000000
430039,Vacaria,2022-10,171.626841,1.00000000
430039,Vacaria,2018-09,227.527288,1.00000000
430025,Passo Fundo,2025-12,232.423153,1.00000000
430035,Nonoai,2023-01,113.561017,1.00000000
430038,Nova Prata - Guaporé,2020-03,19.847394,1.00000000
430037,Bento Gonçalves,2025-05,203.509125,1.00000000
430028,Carazinho,2023-12,239.827238,1.00000000
430043,Encantado,2018-05,111.360825,1.00000000
430029,Frederico Westphalen,2024-07,153.682516,1.00000000
430023,Três de Maio,2021-02,95.769044,1.00000000
430026,Erechim,2024-10,217.028396,1.00000000
430027,Cruz Alta,2021-01,207.465718,1.00000000
430016,Santana do Livramento,2025-05,319.041996,1.00000000
430021,Três Passos,2021-02,90.174665,1.00000000
430017,São Borja,2023-03,141.981586,1.00000000
430004,Taquara - Parobé - Igrejinha,2018-06,145.748014,1.00000000
430037,Bento Gonçalves,2022-08,116.323092,1.00000000
430005,Camaquã,2020-08,87.570066,1.00000000
430036,Caxias do Sul,2022-04,174.264080,1.00000000
430040,Santa Cruz do Sul,2024-04,390.538129,1.00000000
430029,Frederico Westphalen,2018-09,199.602798,1.00000000
430041,Lajeado,2024-12,161.474037,1.00000000
430035,Nonoai,2019-01,224.676828,1.00000000
430024,Cerro Largo,2018-08,62.843022,1.00000000
430027,Cruz Alta,2025-06,422.021229,1.00000000
430014,Santiago,2022-03,212.819889,1.00000000
430011,Santa Maria,2020-10,64.903482,1.00000000
430027,Cruz Alta,2021-03,139.324529,1.00000000
430008,Torres,2018-12,77.021316,1.00000000
430041,Lajeado,2021-05,197.551408,1.00000000
430041,Lajeado,2025-06,319.082312,1.00000000
430036,Caxias do Sul,2021-03,161.573159,1.00000000
430035,Nonoai,2022-10,346.327683,1.00000000
430024,Cerro Largo,2019-05,301.484878,1.00000000
430022,São Luiz Gonzaga,2019-08,84.411378,1.00000000
430033,Lagoa Vermelha,2020-08,129.792587,1.00000000
430039,Vacaria,2025-01,97.767775,1.00000000
430018,Ijuí,2018-05,149.323112,1.00000000
430001,Porto Alegre,2024-09,204.422692,1.00000000
430027,Cruz Alta,2018-03,215.413950,1.00000000
430032,Tapejara - Sananduva,2022-09,65.579954,1.00000000
430027,Cruz Alta,2023-12,252.704760,1.00000000
430022,São Luiz Gonzaga,2019-10,252.679547,1.00000000
430040,Santa Cruz do Sul,2019-10,354.613507,1.00000000
430003,Tramandaí - Osório,2025-01,90.639471,1.00000000
430021,Três Passos,2025-04,131.373106,1.00000000
430028,Carazinho,2025-05,198.396291,1.00000000
430023,Três de Maio,2022-10,227.493439,1.00000000
430008,Torres,2018-01,206.427943,1.00000000
430033,Lagoa Vermelha,2025-05,121.250729,1.00000000
430006,Charqueadas - Triunfo - São Jerônimo,2023-05,175.079982,1.00000000
430004,Taquara - Parobé - Igrejinha,2018-05,95.140624,1.00000000
430022,São Luiz Gonzaga,2020-01,188.918345,1.00000000
430009,Pelotas,2020-10,112.696709,1.00000000
430015,Uruguaiana,2022-05,76.298121,1.00000000
430007,Montenegro,2020-03,21.466624,1.00000000
430030,Marau,2020-01,204.994082,1.00000000
430037,Bento Gonçalves,2022-01,139.774078,1.00000000
430040,Santa Cruz do Sul,2022-02,105.838803,1.00000000
430027,Cruz Alta,2021-05,207.110442,1.00000000
430042,Sobradinho,2018-06,166.107883,1.00000000
430025,Passo Fundo,2025-03,92.740609,1.00000000
430025,Passo Fundo,2020-01,202.292318,1.00000000
430003,Tramandaí - Osório,2024-05,376.827188,1.00000000
430003,Tramandaí - Osório,2024-10,99.224451,1.00000000
430030,Marau,2024-12,197.056789,1.00000000
430003,Tramandaí - Osório,2025-06,253.599791,1.00000000
430037,Bento Gonçalves,2019-07,113.505680,1.00000000
430021,Três Passos,2025-08,150.071680,1.00000000
430037,Bento Gonçalves,2024-05,587.473824,1.00000000
430028,Carazinho,2018-10,255.822766,1.00000000
430014,Santiago,2019-02,128.742417,1.00000000
430005,Camaquã,2023-10,106.598284,1.00000000
430004,Taquara - Parobé - Igrejinha,2020-11,85.379542,1.00000000
430043,Encantado,2021-06,197.094376,1.00000000
430041,Lajeado,2022-07,146.121327,1.00000000
430004,Taquara - Parobé - Igrejinha,2021-06,167.130173,1.00000000
430031,Soledade,2018-01,236.977370,1.00000000
430041,Lajeado,2025-08,225.655557,1.00000000
430017,São Borja,2024-01,207.905582,1.00000000
430042,Sobradinho,2019-08,98.103751,1.00000000
430028,Carazinho,2024-05,456.907235,1.00000000
430017,São Borja,2023-11,204.682118,1.00000000
430043,Encantado,2022-09,75.551939,1.00000000
430010,Bagé,2025-01,49.022795,1.00000000
430036,Caxias do Sul,2021-11,72.861940,1.00000000
430020,Santo Ângelo,2023-10,500.724665,1.00000000
430040,Santa Cruz do Sul,2023-11,254.852652,1.00000000
430030,Marau,2020-10,34.522658,1.00000000
430010,Bagé,2018-09,245.141578,1.00000000
430030,Marau,2023-09,461.856237,1.00000000
430027,Cruz Alta,2020-07,271.507051,1.00000000
430038,Nova Prata - Guaporé,2019-11,173.691784,1.00000000
430012,São Gabriel - Caçapava do Sul,2018-08,154.809486,1.00000000
430008,Torres,2025-01,108.077051,1.00000000
430040,Santa Cruz do Sul,2019-02,87.605746,1.00000000
430019,Santa Rosa,2020-02,147.282173,1.00000000
430011,Santa Maria,2019-10,350.386048,1.00000000
430039,Vacaria,2018-05,106.883418,1.00000000
430023,Três de Maio,2025-04,121.064819,1.00000000
430021,Três Passos,2019-06,29.870139,1.00000000
430041,Lajeado,2021-12,14.366216,1.00000000
430030,Marau,2019-05,214.884297,1.00000000
430038,Nova Prata - Guaporé,2025-09,263.184593,1.00000000
430033,Lagoa Vermelha,2023-06,157.398984,1.00000000
430039,Vacaria,2025-12,210.328111,1.00000000
430023,Três de Maio,2018-08,90.850296,1.00000000
430024,Cerro Largo,2022-02,88.453201,1.00000000
430015,Uruguaiana,2020-11,106.735703,1.00000000
430004,Taquara - Parobé - Igrejinha,2021-08,132.441570,1.00000000
430035,Nonoai,2021-03,114.070680,1.00000000
430031,Soledade,2021-02,114.807154,1.00000000
430022,São Luiz Gonzaga,2018-02,82.990741,1.00000000
430005,Camaquã,2019-11,95.440009,1.00000000
430031,Soledade,2022-11,50.076463,1.00000000
430032,Tapejara - Sananduva,2018-01,204.619607,1.00000000
430029,Frederico Westphalen,2022-03,271.562362,1.00000000
430004,Taquara - Parobé - Igrejinha,2018-04,66.866592,1.00000000
430005,Camaquã,2021-01,149.731722,1.00000000
430037,Bento Gonçalves,2022-12,104.204018,1.00000000
430007,Montenegro,2023-12,172.502353,1.00000000
430037,Bento Gonçalves,2024-03,105.135648,1.00000000
430030,Marau,2024-06,231.543015,1.00000000
430013,Cachoeira do Sul,2020-10,74.923299,1.00000000
430028,Carazinho,2021-09,179.665560,1.00000000
430003,Tramandaí - Osório,2025-03,59.225680,1.00000000
430010,Bagé,2018-08,167.305505,1.00000000
430006,Charqueadas - Triunfo - São Jerônimo,2022-10,63.421883,1.00000000
430038,Nova Prata - Guaporé,2022-12,113.010801,1.00000000
430037,Bento Gonçalves,2023-03,110.997002,1.00000000
430034,Palmeira das Missões,2023-11,453.899039,1.00000000
430004,Taquara - Parobé - Igrejinha,2024-06,243.924876,1.00000000
430013,Cachoeira do Sul,2023-10,156.163801,1.00000000
430028,Carazinho,2023-11,450.628122,1.00000000
430031,Soledade,2022-06,215.299396,1.00000000
430003,Tramandaí - Osório,2020-06,176.352725,1.00000000
430007,Montenegro,2019-04,162.394391,1.00000000
430026,Erechim,2023-10,533.882565,1.00000000
430036,Caxias do Sul,2023-01,110.824312,1.00000000
430031,Soledade,2021-01,226.628359,1.00000000
430038,Nova Prata - Guaporé,2020-10,24.091102,1.00000000
430017,São Borja,2025-11,119.615210,1.00000000
430038,Nova Prata - Guaporé,2018-10,224.200379,1.00000000
430043,Encantado,2025-12,305.269538,1.00000000
430021,Três Passos,2022-12,74.384283,1.00000000
430031,Soledade,2024-09,151.219133,1.00000000
430042,Sobradinho,2021-02,132.000706,1.00000000
430013,Cachoeira do Sul,2021-06,171.417991,1.00000000
430022,São Luiz Gonzaga,2025-02,112.162457,1.00000000
430027,Cruz Alta,2024-06,205.207907,1.00000000
430026,Erechim,2019-01,224.089034,1.00000000
430006,Charqueadas - Triunfo - São Jerônimo,2025-12,198.553411,1.00000000
430011,Santa Maria,2023-10,208.778255,1.00000000
430032,Tapejara - Sananduva,2025-06,356.219097,1.00000000
430028,Carazinho,2024-12,157.924145,1.00000000
430004,Taquara - Parobé - Igrejinha,2024-09,162.772120,1.00000000
430011,Santa Maria,2021-03,125.516726,1.00000000
430033,Lagoa Vermelha,2018-01,218.246669,1.00000000
430016,Santana do Livramento,2018-05,213.332352,1.00000000
430015,Uruguaiana,2021-03,126.131338,1.00000000
430038,Nova Prata - Guaporé,2025-05,188.386535,1.00000000
430040,Santa Cruz do Sul,2018-03,164.215310,1.00000000
430007,Montenegro,2021-02,75.243570,1.00000000
430040,Santa Cruz do Sul,2023-10,163.556936,1.00000000
430019,Santa Rosa,2019-05,292.977455,1.00000000
430015,Uruguaiana,2020-02,156.038538,1.00000000
430009,Pelotas,2021-12,1.181413,1.00000000
430033,Lagoa Vermelha,2022-02,101.653869,1.00000000
430005,Camaquã,2020-12,90.571453,1.00000000
430005,Camaquã,2018-02,102.924908,1.00000000
430030,Marau,2021-06,187.523163,1.00000000
430018,Ijuí,2025-08,152.004294,1.00000000
430034,Palmeira das Missões,2022-08,122.365458,1.00000000
430003,Tramandaí - Osório,2018-03,158.708258,1.00000000
430020,Santo Ângelo,2022-11,45.167494,1.00000000
430018,Ijuí,2019-05,301.611315,1.00000000
430041,Lajeado,2023-02,123.045400,1.00000000
430023,Três de Maio,2022-12,78.009309,1.00000000
430028,Carazinho,2023-07,163.924280,1.00000000
430038,Nova Prata - Guaporé,2020-06,213.259503,1.00000000
430013,Cachoeira do Sul,2025-12,213.894551,1.00000000
430015,Uruguaiana,2025-03,110.006049,1.00000000
430024,Cerro Largo,2019-08,80.763402,1.00000000
430008,Torres,2024-03,93.615108,1.00000000
430029,Frederico Westphalen,2021-01,235.144233,1.00000000
430003,Tramandaí - Osório,2020-07,281.749650,1.00000000
430028,Carazinho,2019-11,189.516784,1.00000000
430011,Santa Maria,2018-07,104.125254,1.00000000
430016,Santana do Livramento,2018-12,195.560437,1.00000000
430013,Cachoeira do Sul,2020-11,59.445686,1.00000000
430022,São Luiz Gonzaga,2023-01,67.021137,1.00000000
430022,São Luiz Gonzaga,2020-03,43.812443,1.00000000
430043,Encantado,2020-03,23.840370,1.00000000
430007,Montenegro,2018-01,157.360664,1.00000000
430029,Frederico Westphalen,2021-04,26.814236,1.00000000
430039,Vacaria,2018-06,182.367232,1.00000000
430013,Cachoeira do Sul,2020-07,143.829946,1.00000000
430023,Três de Maio,2021-01,257.490784,1.00000000
430035,Nonoai,2023-09,255.299910,1.00000000
430020,Santo Ângelo,2018-12,152.501356,1.00000000
430019,Santa Rosa,2020-06,220.576555,1.00000000
430021,Três Passos,2020-03,39.729893,1.00000000
430036,Caxias do Sul,2024-01,225.181083,1.00000000
430042,Sobradinho,2022-08,104.433501,1.00000000
430016,Santana do Livramento,2022-07,136.758529,1.00000000
430025,Passo Fundo,2025-04,110.021821,1.00000000
430021,Três Passos,2024-10,186.834025,1.00000000
430027,Cruz Alta,2020-11,107.893471,1.00000000
430017,São Borja,2019-08,51.219651,1.00000000
430007,Montenegro,2019-09,87.626454,1.00000000
430012,São Gabriel - Caçapava do Sul,2025-05,308.419082,1.00000000
430021,Três Passos,2021-04,40.532596,1.00000000
430003,Tramandaí - Osório,2018-12,,1.00000000
430041,Lajeado,2025-10,156.394129,1.00000000
430039,Vacaria,2018-01,208.450839,1.00000000
430007,Montenegro,2024-06,225.406186,1.00000000
430034,Palmeira das Missões,2025-11,124.152944,1.00000000
430029,Frederico Westphalen,2023-01,87.963747,1.00000000
430016,Santana do Livramento,2021-02,150.506740,1.00000000
430022,São Luiz Gonzaga,2021-03,148.163975,1.00000000
430019,Santa Rosa,2019-04,180.734541,1.00000000
430010,Bagé,2022-09,62.701145,1.00000000
430033,Lagoa Vermelha,2024-12,181.453197,1.00000000
430033,Lagoa Vermelha,2021-12,16.434169,1.00000000
430002,Novo Hamburgo - São Leopoldo,2024-09,164.577017,1.00000000
430025,Passo Fundo,2025-09,233.617414,1.00000000
430038,Nova Prata - Guaporé,2022-03,215.611600,1.00000000
430015,Uruguaiana,2024-09,123.692609,1.00000000
430026,Erechim,2022-09,80.115515,1.00000000
430033,Lagoa Vermelha,2023-10,408.348408,1.00000000
430034,Palmeira das Missões,2021-09,166.651913,1.00000000
430013,Cachoeira do Sul,2018-03,170.423143,1.00000000
430042,Sobradinho,2024-10,155.872166,1.00000000
430007,Montenegro,2020-04,44.151901,1.00000000
430006,Charqueadas - Triunfo - São Jerônimo,2021-03,109.177132,1.00000000
430023,Três de Maio,2020-09,65.315475,1.00000000
430027,Cruz Alta,2018-12,149.882541,1.00000000
430016,Santana do Livramento,2025-09,270.582595,1.00000000
430012,São Gabriel - Caçapava do Sul,2025-09,236.853987,1.00000000
430013,Cachoeira do Sul,2020-03,39.365497,1.00000000
430035,Nonoai,2022-02,127.440139,1.00000000
430004,Taquara - Parobé - Igrejinha,2022-10,140.847417,1.00000000
430004,Taquara - Parobé - Igrejinha,2018-11,128.342074,1.00000000
430036,Caxias do Sul,2025-04,123.088434,1.00000000
430005,Camaquã,2022-09,70.126330,1.00000000
430042,Sobradinho,2019-09,91.450720,1.00000000
430016,Santana do Livramento,2023-04,45.998457,1.00000000
430010,Bagé,2024-07,40.430851,1.00000000
430021,Três Passos,2024-12,173.750316,1.00000000
430042,Sobradinho,2019-12,67.852061,1.00000000
430025,Passo Fundo,2024-04,310.151513,1.00000000
430032,Tapejara - Sananduva,2019-05,263.412892,1.00000000
430033,Lagoa Vermelha,2024-03,127.217694,1.00000000
430007,Montenegro,2023-09,408.194420,1.00000000
430035,Nonoai,2020-12,186.326161,1.00000000
430043,Encantado,2021-12,23.852000,1.00000000
430022,São Luiz Gonzaga,2018-12,194.156642,1.00000000
430005,Camaquã,2018-07,201.527276,1.00000000
430011,Santa Maria,2021-02,111.982897,1.00000000
430018,Ijuí,2020-04,99.672850,1.00000000
430019,Santa Rosa,2021-04,59.540651,1.00000000
430018,Ijuí,2021-10,241.567084,1.00000000
430019,Santa Rosa,2018-05,146.063783,1.00000000
430018,Ijuí,2019-02,184.800534,1.00000000
430021,Três Passos,2024-11,125.066962,1.00000000
430007,Montenegro,2024-02,113.824599,1.00000000
430032,Tapejara - Sananduva,2021-03,158.108282,1.00000000
430002,Novo Hamburgo - São Leopoldo,2024-06,228.293867,1.00000000
430042,Sobradinho,2022-02,150.528124,1.00000000
430021,Três Passos,2022-05,277.341359,1.00000000
430006,Charqueadas - Triunfo - São Jerônimo,2023-06,154.883577,1.00000000
430028,Carazinho,2021-06,216.171160,1.00000000
430017,São Borja,2021-03,150.903566,1.00000000
430012,São Gabriel - Caçapava do Sul,2019-03,74.083011,1.00000000
430014,Santiago,2023-08,69.503039,1.00000000
430032,Tapejara - Sananduva,2024-09,148.548733,1.00000000
430040,Santa Cruz do Sul,2018-06,144.981111,1.00000000
430036,Caxias do Sul,2023-11,423.158252,1.00000000
430030,Marau,2023-12,203.362959,1.00000000
430015,Uruguaiana,2019-11,191.276696,1.00000000
430011,Santa Maria,2023-05,212.544769,1.00000000
430028,Carazinho,2021-12,20.069910,1.00000000
430020,Santo Ângelo,2021-09,173.219053,1.00000000
430030,Marau,2023-05,176.151700,1.00000000
430039,Vacaria,2020-03,29.683469,1.00000000
430029,Frederico Westphalen,2025-09,202.362004,1.00000000
430024,Cerro Largo,2021-12,20.592150,1.00000000
430014,Santiago,2022-09,60.389653,1.00000000
430040,Santa Cruz do Sul,2023-06,131.380046,1.00000000
430029,Frederico Westphalen,2021-07,67.129391,1.00000000
430023,Três de Maio,2022-01,89.775946,1.00000000
430036,Caxias do Sul,2023-06,171.635479,1.00000000
430024,Cerro Largo,2024-01,210.617813,1.00000000
430009,Pelotas,2021-10,51.942739,1.00000000
430035,Nonoai,2019-06,39.400300,1.00000000
430001,Porto Alegre,2022-03,133.110009,1.00000000
430041,Lajeado,2021-08,137.580725,1.00000000
430015,Uruguaiana,2022-10,73.158851,1.00000000
430015,Uruguaiana,2023-06,54.773295,1.00000000
430031,Soledade,2025-02,160.376344,1.00000000
430010,Bagé,2025-10,60.498926,1.00000000
430026,Erechim,2022-01,139.211788,1.00000000
430008,Torres,2021-10,84.941064,1.00000000
430031,Soledade,2025-06,424.028134,1.00000000
430028,Carazinho,2019-09,75.309285,1.00000000
430012,São Gabriel - Caçapava do Sul,2021-06,178.383968,1.00000000
430009,Pelotas,2025-03,108.855196,1.00000000
430010,Bagé,2023-06,88.036415,1.00000000
430033,Lagoa Vermelha,2021-09,202.002037,1.00000000
430037,Bento Gonçalves,2022-03,184.149573,1.00000000
430039,Vacaria,2021-03,146.483924,1.00000000
430015,Uruguaiana,2024-06,82.647994,1.00000000
430024,Cerro Largo,2022-09,48.777684,1.00000000
430039,Vacaria,2018-07,191.242461,1.00000000
430012,São Gabriel - Caçapava do Sul,2025-03,58.937102,1.00000000
430015,Uruguaiana,2021-01,193.101126,1.00000000
430001,Porto Alegre,2022-01,143.745284,1.00000000
430016,Santana do Livramento,2023-06,49.035103,1.00000000
430014,Santiago,2022-05,147.869911,1.00000000
430042,Sobradinho,2025-07,110.339078,1.00000000
430026,Erechim,2023-08,113.961708,1.00000000
430016,Santana do Livramento,2021-11,90.395089,1.00000000
430008,Torres,2021-02,128.695925,1.00000000
430007,Montenegro,2019-08,72.231772,1.00000000
430001,Porto Alegre,2021-06,158.913794,1.00000000
430024,Cerro Largo,2023-08,116.793598,1.00000000
430041,Lajeado,2024-11,78.709924,1.00000000
430018,Ijuí,2022-05,261.766942,1.00000000
430036,Caxias do Sul,2019-12,86.503183,1.00000000
430040,Santa Cruz do Sul,2018-05,99.517898,1.00000000
430014,Santiago,2023-04,90.003805,1.00000000
430006,Charqueadas - Triunfo - São Jerônimo,2020-01,137.533862,1.00000000
430033,Lagoa Vermelha,2019-07,83.481219,1.00000000
430026,Erechim,2021-09,191.353728,1.00000000
430019,Santa Rosa,2018-06,97.139359,1.00000000
430022,São Luiz Gonzaga,2024-04,292.806509,1.00000000
430019,Santa Rosa,2018-11,248.368570,1.00000000
430027,Cruz Alta,2018-02,105.473074,1.00000000
430026,Erechim,2025-04,115.825506,1.00000000
430036,Caxias do Sul,2020-02,160.839130,1.00000000
430016,Santana do Livramento,2019-12,73.351492,1.00000000
430009,Pelotas,2021-04,65.606784,1.00000000
430023,Três de Maio,2024-08,114.240620,1.00000000
430036,Caxias do Sul,2023-10,312.533466,1.00000000
430002,Novo Hamburgo - São Leopoldo,2025-02,165.106209,1.00000000
430019,Santa Rosa,2023-03,137.481430,1.00000000
430027,Cruz Alta,2023-01,57.810917,1.00000000
430001,Porto Alegre,2021-07,51.357212,1.00000000
430025,Passo Fundo,2018-02,107.621584,1.00000000
430021,Três Passos,2024-07,110.213825,1.00000000
430012,São Gabriel - Caçapava do Sul,2019-07,214.450570,1.00000000
430007,Montenegro,2024-11,89.189901,1.00000000
430037,Bento Gonçalves,2024-04,402.343648,1.00000000
430034,Palmeira das Missões,2020-03,43.511182,1.00000000
430017,São Borja,2025-01,68.002488,1.00000000
430019,Santa Rosa,2021-02,86.115113,1.00000000
430014,Santiago,2023-09,461.987744,1.00000000
430013,Cachoeira do Sul,2020-06,158.684870,1.00000000
430018,Ijuí,2019-09,89.928387,1.00000000
430032,Tapejara - Sananduva,2024-06,143.707714,1.00000000
430034,Palmeira das Missões,2024-03,243.982637,1.00000000
430042,Sobradinho,2018-09,256.789865,1.00000000
430017,São Borja,2018-12,207.034877,1.00000000
430008,Torres,2022-05,193.794180,1.00000000
430005,Camaquã,2025-09,,1.00000000
430011,Santa Maria,2023-08,63.371143,1.00000000
430032,Tapejara - Sananduva,2023-11,488.531621,1.00000000
430031,Soledade,2020-05,240.098533,1.00000000
430017,São Borja,2019-10,234.313795,1.00000000
430009,Pelotas,2022-05,72.784329,1.00000000
430040,Santa Cruz do Sul,2025-06,349.192998,1.00000000
430020,Santo Ângelo,2024-08,122.594300,1.00000000
430029,Frederico Westphalen,2023-02,112.366810,1.00000000
430021,Três Passos,2020-08,122.305918,1.00000000
430026,Erechim,2022-06,258.637752,1.00000000
430014,Santiago,2019-06,27.354017,1.00000000
430006,Charqueadas - Triunfo - São Jerônimo,2024-06,188.463526,1.00000000
430008,Torres,2021-12,5.774205,1.00000000
430023,Três de Maio,2024-03,200.129363,1.00000000
430003,Tramandaí - Osório,2024-09,149.705461,1.00000000
430005,Camaquã,2019-12,76.388121,1.00000000
430028,Carazinho,2018-06,175.123054,1.00000000
430031,Soledade,2019-05,187.133118,1.00000000
430001,Porto Alegre,2018-11,115.778717,1.00000000
430031,Soledade,2019-08,85.655128,1.00000000
430006,Charqueadas - Triunfo - São Jerônimo,2022-05,118.996980,1.00000000
430020,Santo Ângelo,2021-11,71.817848,1.00000000
430018,Ijuí,2020-05,294.919754,1.00000000
430015,Uruguaiana,2021-05,166.407598,1.00000000
430031,Soledade,2021-08,136.141414,1.00000000
430029,Frederico Westphalen,2023-05,168.629602,1.00000000
430023,Três de Maio,2024-02,215.887128,1.00000000
430039,Vacaria,2019-03,112.511513,1.00000000
430011,Santa Maria,2020-07,140.158808,1.00000000
430043,Encantado,2019-08,87.362298,1.00000000
430036,Caxias do Sul,2023-07,183.422369,1.00000000
430036,Caxias do Sul,2023-12,190.017994,1.00000000
430023,Três de Maio,2023-02,107.213664,1.00000000
430026,Erechim,2023-12,239.687084,1.00000000
430023,Três de Maio,2020-02,142.752575,1.00000000
430018,Ijuí,2021-01,234.988383,1.00000000
430041,Lajeado,2018-02,92.081018,1.00000000
430003,Tramandaí - Osório,2019-07,97.360662,1.00000000
430027,Cruz Alta,2020-05,241.457845,1.00000000
430016,Santana do Livramento,2025-10,85.525224,1.00000000
430006,Charqueadas - Triunfo - São Jerônimo,2018-02,78.836751,1.00000000
430038,Nova Prata - Guaporé,2024-07,98.656475,1.00000000
430030,Marau,2023-04,75.842052,1.00000000
430040,Santa Cruz do Sul,2025-11,86.178868,1.00000000
430006,Charqueadas - Triunfo - São Jerônimo,2024-10,99.426365,1.00000000
430011,Santa Maria,2020-05,236.074272,1.00000000
430034,Palmeira das Missões,2018-03,197.694431,1.00000000
430030,Marau,2019-04,110.471480,1.00000000
430041,Lajeado,2021-10,102.006647,1.00000000
430018,Ijuí,2019-11,240.047628,1.00000000
430032,Tapejara - Sananduva,2022-01,131.716699,1.00000000
430027,Cruz Alta,2019-05,258.550491,1.00000000
430027,Cruz Alta,2020-04,70.416144,1.00000000
430042,Sobradinho,2020-05,340.274193,1.00000000
430028,Carazinho,2025-01,93.451101,1.00000000
430030,Marau,2021-11,33.015542,1.00000000
430016,Santana do Livramento,2018-03,166.488613,1.00000000
430017,São Borja,2019-01,488.005112,1.00000000
430010,Bagé,2025-11,93.721662,1.00000000
430004,Taquara - Parobé - Igrejinha,2018-09,202.622434,1.00000000
430029,Frederico Westphalen,2021-10,324.109234,1.00000000
430023,Três de Maio,2018-06,137.130174,1.00000000
430023,Três de Maio,2021-09,131.111946,1.00000000
430040,Santa Cruz do Sul,2024-08,107.729505,1.00000000
430026,Erechim,2022-08,153.918789,1.00000000
430004,Taquara - Parobé - Igrejinha,2022-05,191.157597,1.00000000
430031,Soledade,2024-03,161.568845,1.00000000
430034,Palmeira das Missões,2019-04,140.065161,1.00000000
430039,Vacaria,2025-09,233.051847,1.00000000
430022,São Luiz Gonzaga,2024-11,109.774272,1.00000000
430013,Cachoeira do Sul,2023-06,128.938557,1.00000000
430008,Torres,2023-04,68.097494,1.00000000
430036,Caxias do Sul,2020-09,149.560295,1.00000000
430036,Caxias do Sul,2023-08,92.158991,1.00000000
430032,Tapejara - Sananduva,2019-02,181.849269,1.00000000
430001,Porto Alegre,2025-06,234.994145,1.00000000
430020,Santo Ângelo,2024-03,210.962140,1.00000000
430004,Taquara - Parobé - Igrejinha,2018-07,189.450797,1.00000000
430011,Santa Maria,2021-07,57.947802,1.00000000
430014,Santiago,2024-03,247.633137,1.00000000
430025,Passo Fundo,2023-08,,1.00000000
430040,Santa Cruz do Sul,2022-01,121.312166,1.00000000
430041,Lajeado,2023-05,183.020570,1.00000000
430028,Carazinho,2022-07,82.628158,1.00000000
430001,Porto Alegre,2020-01,125.691779,1.00000000
430035,Nonoai,2024-09,117.928442,1.00000000
430029,Frederico Westphalen,2025-08,165.639353,1.00000000
430013,Cachoeira do Sul,2019-02,86.806152,1.00000000
430034,Palmeira das Missões,2020-11,126.792136,1.00000000
430022,São Luiz Gonzaga,2021-01,245.887330,1.00000000
430004,Taquara - Parobé - Igrejinha,2021-11,72.200044,1.00000000
430015,Uruguaiana,2023-04,59.812959,1.00000000
430012,São Gabriel - Caçapava do Sul,2020-10,69.781698,1.00000000
430004,Taquara - Parobé - Igrejinha,2020-02,148.334497,1.00000000
430038,Nova Prata - Guaporé,2021-05,182.965463,1.00000000
430004,Taquara - Parobé - Igrejinha,2021-03,115.215197,1.00000000
430032,Tapejara - Sananduva,2024-11,108.610149,1.00000000
430008,Torres,2023-02,140.622432,1.00000000
430014,Santiago,2020-02,109.913991,1.00000000
430010,Bagé,2023-07,185.436561,1.00000000
430024,Cerro Largo,2019-09,56.551479,1.00000000
430029,Frederico Westphalen,2019-08,,1.00000000
430013,Cachoeira do Sul,2018-02,70.535581,1.00000000
430018,Ijuí,2023-10,533.252282,1.00000000
430006,Charqueadas - Triunfo - São Jerônimo,2023-09,379.116546,1.00000000
430038,Nova Prata - Guaporé,2018-07,187.060527,1.00000000
430038,Nova Prata - Guaporé,2021-08,110.219904,1.00000000
430028,Carazinho,2018-04,61.177387,1.00000000
430008,Torres,2020-05,98.169678,1.00000000
430033,Lagoa Vermelha,2022-09,70.619289,1.00000000
430017,São Borja,2023-10,245.714992,1.00000000
430001,Porto Alegre,2023-10,114.518062,1.00000000
430041,Lajeado,2019-11,188.318709,1.00000000
430013,Cachoeira do Sul,2021-04,17.414373,1.00000000
430029,Frederico Westphalen,2025-06,375.228582,1.00000000
430030,Marau,2023-07,179.773454,1.00000000
430017,São Borja,2024-07,18.514218,1.00000000
430005,Camaquã,2020-04,54.611506,1.00000000
430036,Caxias do Sul,2024-07,113.390831,1.00000000
430014,Santiago,2023-07,106.553746,1.00000000
430032,Tapejara - Sananduva,2023-05,140.252451,1.00000000
430009,Pelotas,2019-03,56.498573,1.00000000
430004,Taquara - Parobé - Igrejinha,2024-02,128.910004,1.00000000
430039,Vacaria,2022-01,163.485513,1.00000000
430035,Nonoai,2023-07,151.075124,1.00000000
430012,São Gabriel - Caçapava do Sul,2022-01,76.173934,1.00000000
430017,São Borja,2023-06,44.828196,1.00000000
430043,Encantado,2023-01,66.469387,1.00000000
430023,Três de Maio,2019-05,305.760134,1.00000000
430032,Tapejara - Sananduva,2021-08,51.012151,1.00000000
430009,Pelotas,2021-03,142.849485,1.00000000
430027,Cruz Alta,2025-12,259.482341,1.00000000
430042,Sobradinho,2020-01,225.612049,1.00000000
430009,Pelotas,2018-10,92.534837,1.00000000
430033,Lagoa Vermelha,2020-10,38.808673,1.00000000
430042,Sobradinho,2025-11,117.672808,1.00000000
430017,São Borja,2018-06,97.665912,1.00000000
430014,Santiago,2025-08,196.301088,1.00000000
430009,Pelotas,2022-12,16.089274,1.00000000
430004,Taquara - Parobé - Igrejinha,2019-09,84.555291,1.00000000
430003,Tramandaí - Osório,2023-01,88.844987,1.00000000
430028,Carazinho,2019-05,287.264546,1.00000000
430030,Marau,2024-11,70.785053,1.00000000
430036,Caxias do Sul,2022-06,242.598497,1.00000000
430037,Bento Gonçalves,2022-11,68.132250,1.00000000
430022,São Luiz Gonzaga,2021-02,84.571787,1.00000000
430036,Caxias do Sul,2021-06,185.921332,1.00000000
430025,Passo Fundo,2024-12,158.612892,1.00000000
430001,Porto Alegre,2020-05,163.141211,1.00000000
430021,Três Passos,2019-02,198.959957,1.00000000
430038,Nova Prata - Guaporé,2021-02,92.817110,1.00000000
430030,Marau,2025-04,116.633509,1.00000000
430043,Encantado,2025-11,125.095311,1.00000000
430001,Porto Alegre,2018-07,155.430909,1.00000000
430038,Nova Prata - Guaporé,2024-08,79.931013,1.00000000
430027,Cruz Alta,2019-12,54.557062,1.00000000
430006,Charqueadas - Triunfo - São Jerônimo,2020-03,29.812184,1.00000000
430015,Uruguaiana,2022-06,97.472219,1.00000000
430014,Santiago,2024-07,35.147264,1.00000000
430004,Taquara - Parobé - Igrejinha,2019-05,240.368966,1.00000000
430042,Sobradinho,2023-11,303.177124,1.00000000
430043,Encantado,2018-03,176.048732,1.00000000
430011,Santa Maria,2018-02,80.147850,1.00000000
430003,Tramandaí - Osório,2025-04,140.795650,1.00000000
430041,Lajeado,2022-10,81.116607,1.00000000
430033,Lagoa Vermelha,2021-03,140.207496,1.00000000
430015,Uruguaiana,2019-05,176.965655,1.00000000
430024,Cerro Largo,2020-04,125.786795,1.00000000
430026,Erechim,2018-03,174.795817,1.00000000
430043,Encantado,2024-04,419.268175,1.00000000
430033,Lagoa Vermelha,2023-12,155.701381,1.00000000
430025,Passo Fundo,2022-01,104.135503,1.00000000
430041,Lajeado,2022-02,83.237662,1.00000000
430014,Santiago,2020-11,137.414168,1.00000000
430024,Cerro Largo,2021-02,,1.00000000
430009,Pelotas,2025-09,138.275644,1.00000000
430042,Sobradinho,2021-04,31.594976,1.00000000
430010,Bagé,2024-05,269.472265,1.00000000
430009,Pelotas,2024-10,125.989059,1.00000000
430008,Torres,2020-08,108.307760,1.00000000
430014,Santiago,2022-01,67.591200,1.00000000
430024,Cerro Largo,2023-01,76.976978,1.00000000
430026,Erechim,2024-05,342.686730,1.00000000
430034,Palmeira das Missões,2019-06,34.837759,1.00000000
430028,Carazinho,2023-02,99.706432,1.00000000
430029,Frederico Westphalen,2024-02,221.827132,1.00000000
430002,Novo Hamburgo - São Leopoldo,2019-02,108.502783,1.00000000
430003,Tramandaí - Osório,2024-02,102.513019,1.00000000
430024,Cerro Largo,2023-10,513.429150,1.00000000
430038,Nova Prata - Guaporé,2018-06,178.297247,1.00000000
430009,Pelotas,2018-12,102.496004,1.00000000
430037,Bento Gonçalves,2019-02,125.804145,1.00000000
430014,Santiago,2024-08,152.010739,1.00000000
430025,Passo Fundo,2018-06,177.089130,1.00000000
430009,Pelotas,2020-05,180.165992,1.00000000
430034,Palmeira das Missões,2020-01,222.326032,1.00000000
430017,São Borja,2022-01,38.020054,1.00000000
430028,Carazinho,2024-09,148.990806,1.00000000
430013,Cachoeira do Sul,2025-11,82.345512,1.00000000
430003,Tramandaí - Osório,2025-08,161.097096,1.00000000
430011,Santa Maria,2025-08,208.493507,1.00000000
430004,Taquara - Parobé - Igrejinha,2018-02,,1.00000000
430041,Lajeado,2023-11,312.095053,1.00000000
430015,Uruguaiana,2022-04,214.528792,1.00000000
430002,Novo Hamburgo - São Leopoldo,2021-01,172.506978,1.00000000
430023,Três de Maio,2019-09,63.398554,1.00000000
430004,Taquara - Parobé - Igrejinha,2018-10,158.278140,1.00000000
430031,Soledade,2025-10,142.072680,1.00000000
430028,Carazinho,2019-06,36.991087,1.00000000
430035,Nonoai,2023-04,103.535210,1.00000000
430029,Frederico Westphalen,2020-02,149.457046,1.00000000
430015,Uruguaiana,2018-01,172.361638,1.00000000
430006,Charqueadas - Triunfo - São Jerônimo,2018-10,98.896701,1.00000000
430008,Torres,2024-10,127.457370,1.00000000
430013,Cachoeira do Sul,2019-03,100.861539,1.00000000
430010,Bagé,2024-08,199.504376,1.00000000
430015,Uruguaiana,2024-05,119.265885,1.00000000
430021,Três Passos,2022-09,92.860177,1.00000000
430012,São Gabriel - Caçapava do Sul,2021-02,131.478304,1.00000000
430016,Santana do Livramento,2025-07,93.593983,1.00000000
430039,Vacaria,2025-05,110.785142,1.00000000
430013,Cachoeira do Sul,2021-09,219.096013,1.00000000
430015,Uruguaiana,2023-07,84.564146,1.00000000
430031,Soledade,2023-06,150.586446,1.00000000
430025,Passo Fundo,2024-06,206.652390,1.00000000
430025,Passo Fundo,2018-12,153.025084,1.00000000
430039,Vacaria,2024-12,188.138814,1.00000000
430008,Torres,2023-07,163.278161,1.00000000
430017,São Borja,2022-06,159.597707,1.00000000
430004,Taquara - Parobé - Igrejinha,2025-05,157.929061,1.00000000
430003,Tramandaí - Osório,2018-07,168.207538,1.00000000
430037,Bento Gonçalves,2023-11,372.391816,1.00000000
430042,Sobradinho,2025-12,271.946727,1.00000000
430039,Vacaria,2019-05,294.185738,1.00000000
430011,Santa Maria,2020-03,38.443003,1.00000000
430015,Uruguaiana,2024-03,286.561949,1.00000000
430018,Ijuí,2021-07,52.073610,1.00000000
430003,Tramandaí - Osório,2020-02,130.546251,1.00000000
430012,São Gabriel - Caçapava do Sul,2024-04,404.273500,1.00000000
430038,Nova Prata - Guaporé,2025-12,269.684741,1.00000000
